,datetime,pnl_sum,return
0,2025-05-20 09:05:00,-803.5000000000027,-8.035000000000027e-05
1,2025-05-20 09:10:00,19091.250852381927,0.0019091250852381926
3,2025-05-20 09:20:00,16897.09326098948,0.0016897093260989482
5,2025-05-20 09:30:00,18699.225196106512,0.0018699225196106512
6,2025-05-20 09:35:00,40400.15655859387,0.004040015655859388
7,2025-05-20 09:40:00,19898.853189470017,0.001989885318947002
9,2025-05-20 09:50:00,18499.35433936328,0.0018499354339363279
11,2025-05-20 10:00:00,28197.883277222838,0.002819788327722284
13,2025-05-20 10:10:00,23798.98353340031,0.002379898353340031
15,2025-05-20 10:20:00,21899.206770689634,0.0021899206770689635
17,2025-05-20 10:30:00,22899.239862357343,0.0022899239862357343
19,2025-05-20 10:40:00,25899.541688033867,0.002589954168803387
21,2025-05-20 10:50:00,26899.7097494939,0.00268997097494939
23,2025-05-20 11:00:00,25099.632276909804,0.0025099632276909803
25,2025-05-20 11:10:00,24099.676908235913,0.0024099676908235913
27,2025-05-20 11:20:00,25799.950816496203,0.00257999508164962
29,2025-05-20 11:30:00,26599.666392813466,0.0026599666392813468
31,2025-05-20 12:35:00,35299.66912250069,0.0035299669122500687
33,2025-05-20 12:45:00,36499.73634064876,0.0036499736340648756
35,2025-05-20 12:55:00,35299.32854681861,0.003529932854681861
37,2025-05-20 13:05:00,39899.67457160581,0.003989967457160581
39,2025-05-20 13:15:00,38999.76565292632,0.003899976565292632
41,2025-05-20 13:25:00,41399.899599546596,0.004139989959954659
43,2025-05-20 13:35:00,41299.806069682374,0.004129980606968237
45,2025-05-20 13:45:00,44899.714347572124,0.004489971434757213
47,2025-05-20 13:55:00,44099.80809224809,0.004409980809224809
49,2025-05-20 14:05:00,45099.954002001934,0.0045099954002001934
51,2025-05-20 14:15:00,44199.872154845405,0.00441998721548454
53,2025-05-20 14:25:00,45999.76439843199,0.004599976439843199
61,2025-05-20 15:05:00,47899.7297233494,0.00478997297233494
63,2025-05-20 15:15:00,43599.75224966486,0.004359975224966486
65,2025-05-20 15:25:00,41499.61951793445,0.004149961951793445
67,2025-05-21 09:00:00,34682.83414400993,0.003468283414400993
68,2025-05-21 09:05:00,-3166.876019760789,-0.0003166876019760789
69,2025-05-21 09:10:00,-6802.240526941394,-0.0006802240526941394
71,2025-05-21 09:20:00,-10200.899745154153,-0.0010200899745154153
73,2025-05-21 09:30:00,-5700.542864858773,-0.0005700542864858773
75,2025-05-21 09:40:00,-1401.0758861095655,-0.00014010758861095654
77,2025-05-21 09:50:00,1598.2175400600554,0.00015982175400600554
78,2025-05-21 09:55:00,16560.203603787257,0.0016560203603787256
79,2025-05-21 10:00:00,4799.8203460407285,0.00047998203460407286
80,2025-05-21 10:05:00,28608.045969447834,0.0028608045969447833
81,2025-05-21 10:10:00,2199.524793462784,0.00021995247934627842
82,2025-05-21 10:15:00,26948.03998587819,0.0026948039985878187
83,2025-05-21 10:20:00,2600.0,0.00026
84,2025-05-21 10:25:00,38968.54084117633,0.003896854084117633
85,2025-05-21 10:30:00,3799.822599892809,0.0003799822599892809
86,2025-05-21 10:35:00,29714.67240116963,0.002971467240116963
87,2025-05-21 10:40:00,2299.80986109864,0.00022998098610986398
89,2025-05-21 10:50:00,-1900.763071554484,-0.0001900763071554484
90,2025-05-21 10:55:00,46598.568585822184,0.004659856858582219
91,2025-05-21 11:00:00,-2400.173148939163,-0.0002400173148939163
93,2025-05-21 11:10:00,-4300.122164847077,-0.0004300122164847077
95,2025-05-21 11:20:00,-6100.227893708978,-0.0006100227893708977
96,2025-05-21 11:25:00,42553.081280786595,0.00425530812807866
97,2025-05-21 11:30:00,-6700.024662121007,-0.0006700024662121007
99,2025-05-21 12:35:00,-7000.389963588413,-0.0007000389963588413
101,2025-05-21 12:45:00,-6200.1006388563255,-0.0006200100638856325
103,2025-05-21 12:55:00,-5600.021248401617,-0.0005600021248401617
105,2025-05-21 13:05:00,-3100.0206814882667,-0.0003100020681488267
107,2025-05-21 13:15:00,-1100.1953711158126,-0.00011001953711158126
109,2025-05-21 13:25:00,-2700.099583852095,-0.0002700099583852095
111,2025-05-21 13:35:00,-3000.061740302952,-0.0003000061740302952
113,2025-05-21 13:45:00,299.86049580297004,2.9986049580297005e-05
115,2025-05-21 13:55:00,2599.963403106355,0.0002599963403106355
117,2025-05-21 14:05:00,2400.0,0.00024
119,2025-05-21 14:15:00,3399.8510568959955,0.00033998510568959955
121,2025-05-21 14:25:00,3599.928745051453,0.0003599928745051453
123,2025-05-21 14:35:00,3499.821615314987,0.0003499821615314987
125,2025-05-21 14:45:00,4899.965267833613,0.0004899965267833613
127,2025-05-21 14:55:00,5799.983905198149,0.0005799983905198149
129,2025-05-21 15:05:00,8099.8400976947905,0.0008099840097694791
131,2025-05-21 15:15:00,10999.784209117452,0.001099978420911745
133,2025-05-21 15:25:00,12099.912319269366,0.0012099912319269365
135,2025-05-22 09:00:00,29688.199675248143,0.0029688199675248143
136,2025-05-22 09:05:00,47244.28436882829,0.004724428436882829
137,2025-05-22 09:10:00,3049.2623021754985,0.00030492623021754984
138,2025-05-22 09:15:00,3627.8085659800945,0.0003627808565980095
139,2025-05-22 09:20:00,5948.486757246537,0.0005948486757246538
140,2025-05-22 09:25:00,244.2762039234658,2.442762039234658e-05
141,2025-05-22 09:30:00,12398.11016839532,0.001239811016839532
142,2025-05-22 09:35:00,8801.641541250552,0.0008801641541250552
143,2025-05-22 09:40:00,2099.1868729827384,0.00020991868729827384
145,2025-05-22 09:50:00,548.6817460712393,5.4868174607123936e-05
147,2025-05-22 10:00:00,-2050.338211975919,-0.0002050338211975919
149,2025-05-22 10:10:00,-3600.555100847003,-0.0003600555100847003
150,2025-05-22 10:15:00,-2752.8850046341545,-0.00027528850046341544
151,2025-05-22 10:20:00,1999.5600264072402,0.00019995600264072403
152,2025-05-22 10:25:00,-14019.098529509156,-0.0014019098529509156
153,2025-05-22 10:30:00,-500.35002219063335,-5.003500221906334e-05
154,2025-05-22 10:35:00,-6487.800769192506,-0.0006487800769192505
155,2025-05-22 10:40:00,-50.422824821806216,-5.042282482180622e-06
156,2025-05-22 10:45:00,3689.5596281554626,0.0003689559628155463
157,2025-05-22 10:50:00,49.66628587835589,4.966628587835589e-06
158,2025-05-22 10:55:00,7653.287188175078,0.0007653287188175078
159,2025-05-22 11:00:00,-1900.2750415152727,-0.00019002750415152728
160,2025-05-22 11:05:00,-2681.7960145086895,-0.00026817960145086894
161,2025-05-22 11:10:00,-2600.363738820488,-0.0002600363738820488
162,2025-05-22 11:15:00,7205.836784381585,0.0007205836784381585
163,2025-05-22 11:20:00,-2000.1921868719348,-0.00020001921868719347
164,2025-05-22 11:25:00,16329.844592527192,0.0016329844592527193
165,2025-05-22 11:30:00,599.6827069095643,5.996827069095643e-05
166,2025-05-22 12:30:00,42125.74424988097,0.004212574424988097
167,2025-05-22 12:35:00,5249.865460252327,0.0005249865460252327
168,2025-05-22 12:40:00,31034.935277541375,0.0031034935277541374
169,2025-05-22 12:45:00,2399.833023893281,0.00023998330238932808
170,2025-05-22 12:50:00,34120.92590378807,0.003412092590378807
171,2025-05-22 12:55:00,2949.875689480628,0.0002949875689480628
172,2025-05-22 13:00:00,42301.54049096389,0.004230154049096389
173,2025-05-22 13:05:00,6899.576327990139,0.000689957632799014
175,2025-05-22 13:15:00,12149.721889875356,0.0012149721889875356
177,2025-05-22 13:25:00,12149.849513206278,0.0012149849513206279
179,2025-05-22 13:35:00,10049.93699811241,0.0010049936998112409
181,2025-05-22 13:45:00,13849.901386537837,0.0013849901386537836
183,2025-05-22 13:55:00,8849.697464615445,0.0008849697464615445
185,2025-05-22 14:05:00,8299.771207190599,0.0008299771207190599
187,2025-05-22 14:15:00,7899.907180723159,0.000789990718072316
189,2025-05-22 14:25:00,5599.821839240758,0.0005599821839240758
190,2025-05-22 14:30:00,35722.35871364482,0.003572235871364482
191,2025-05-22 14:35:00,4249.850252600379,0.00042498502526003783
192,2025-05-22 14:40:00,41358.52724389699,0.004135852724389699
193,2025-05-22 14:45:00,6199.848413034675,0.0006199848413034675
194,2025-05-22 14:50:00,34933.58982812181,0.0034933589828121813
195,2025-05-22 14:55:00,3899.8478444178218,0.00038998478444178216
196,2025-05-22 15:00:00,23579.329023091348,0.0023579329023091346
197,2025-05-22 15:05:00,1849.87858423641,0.000184987858423641
198,2025-05-22 15:10:00,13653.618010649561,0.0013653618010649562
199,2025-05-22 15:15:00,-700.150274936736,-7.00150274936736e-05
200,2025-05-22 15:20:00,19847.87467914757,0.0019847874679147573
201,2025-05-22 15:25:00,-0.11077787300882846,-1.1077787300882847e-08
202,2025-05-22 15:30:00,20909.70300226944,0.002090970300226944
203,2025-05-23 09:00:00,-17822.379004350725,-0.0017822379004350725
204,2025-05-23 09:05:00,25121.552988131512,0.002512155298813151
205,2025-05-23 09:10:00,8897.601453159194,0.0008897601453159193
206,2025-05-23 09:15:00,19513.33986902326,0.0019513339869023261
207,2025-05-23 09:20:00,6748.838640251545,0.0006748838640251545
208,2025-05-23 09:25:00,22298.425873540225,0.0022298425873540227
209,2025-05-23 09:30:00,5249.572311211219,0.000524957231121122
210,2025-05-23 09:35:00,13832.163971079824,0.0013832163971079824
211,2025-05-23 09:40:00,3449.5777071418775,0.00034495777071418774
212,2025-05-23 09:45:00,6671.279211753093,0.0006671279211753092
213,2025-05-23 09:50:00,1099.7352699549351,0.00010997352699549351
214,2025-05-23 09:55:00,9475.669391132336,0.0009475669391132336
215,2025-05-23 10:00:00,1199.9065090333643,0.00011999065090333643
216,2025-05-23 10:05:00,16546.360183676727,0.0016546360183676727
217,2025-05-23 10:10:00,1249.7712989311713,0.00012497712989311712
218,2025-05-23 10:15:00,-4170.688670867212,-0.0004170688670867212
219,2025-05-23 10:20:00,-1000.2155893843798,-0.00010002155893843798
220,2025-05-23 10:25:00,-5617.102502420045,-0.0005617102502420045
221,2025-05-23 10:30:00,-1650.4672897222822,-0.00016504672897222822
222,2025-05-23 10:35:00,-1256.5012997523695,-0.00012565012997523694
223,2025-05-23 10:40:00,-500.3264757670181,-5.0032647576701814e-05
224,2025-05-23 10:45:00,7601.578814901579,0.0007601578814901579
225,2025-05-23 10:50:00,2149.574585017114,0.0002149574585017114
226,2025-05-23 10:55:00,5835.311890629429,0.0005835311890629429
227,2025-05-23 11:00:00,99.55639737472757,9.955639737472756e-06
228,2025-05-23 11:05:00,3685.6182807218024,0.00036856182807218027
229,2025-05-23 11:10:00,-1900.224977972747,-0.0001900224977972747
230,2025-05-23 11:15:00,1871.9639602795623,0.00018719639602795624
231,2025-05-23 11:20:00,-350.29825507485475,-3.5029825507485475e-05
232,2025-05-23 11:25:00,499.4904219686359,4.994904219686359e-05
233,2025-05-23 11:30:00,-800.2672755714682,-8.002672755714682e-05
234,2025-05-23 12:30:00,6675.878074233764,0.0006675878074233764
235,2025-05-23 12:35:00,4649.508327867248,0.00046495083278672483
236,2025-05-23 12:40:00,7246.679413190278,0.0007246679413190278
237,2025-05-23 12:45:00,3699.823067639998,0.0003699823067639998
238,2025-05-23 12:50:00,4616.696365214475,0.0004616696365214475
239,2025-05-23 12:55:00,4999.639182145281,0.000499963918214528
240,2025-05-23 13:00:00,13566.467461580509,0.001356646746158051
241,2025-05-23 13:05:00,5249.72992308007,0.000524972992308007
242,2025-05-23 13:10:00,10966.859883487257,0.0010966859883487258
243,2025-05-23 13:15:00,5200.0,0.00052
244,2025-05-23 13:20:00,18642.597245682984,0.0018642597245682984
245,2025-05-23 13:25:00,7799.762420185333,0.0007799762420185333
246,2025-05-23 13:30:00,21800.099405432615,0.0021800099405432614
247,2025-05-23 13:35:00,7899.931795371664,0.0007899931795371664
248,2025-05-23 13:40:00,25821.802776184955,0.0025821802776184954
249,2025-05-23 13:45:00,7449.8287600369,0.00074498287600369
250,2025-05-23 13:50:00,21051.785304754732,0.002105178530475473
251,2025-05-23 13:55:00,6549.972937228719,0.0006549972937228719
252,2025-05-23 14:00:00,20961.84841412337,0.002096184841412337
253,2025-05-23 14:05:00,6299.873202096762,0.0006299873202096762
254,2025-05-23 14:10:00,16783.785417946,0.0016783785417946002
255,2025-05-23 14:15:00,5899.947960196903,0.0005899947960196903
256,2025-05-23 14:20:00,12274.638906555381,0.001227463890655538
257,2025-05-23 14:25:00,4099.870656339054,0.00040998706563390543
258,2025-05-23 14:30:00,10924.870873733853,0.0010924870873733853
259,2025-05-23 14:35:00,3849.9413678879273,0.00038499413678879274
260,2025-05-23 14:40:00,10620.027610867608,0.0010620027610867607
261,2025-05-23 14:45:00,2299.843581941448,0.0002299843581941448
262,2025-05-23 14:50:00,9885.859617569735,0.0009885859617569735
263,2025-05-23 14:55:00,2149.9544631354797,0.00021499544631354797
264,2025-05-23 15:00:00,10309.845114799773,0.0010309845114799773
265,2025-05-23 15:05:00,2449.969982418879,0.0002449969982418879
266,2025-05-23 15:10:00,14722.8231260464,0.00147228231260464
267,2025-05-23 15:15:00,3999.9000210794247,0.0003999900021079425
268,2025-05-23 15:20:00,19144.023921901797,0.0019144023921901796
269,2025-05-23 15:25:00,4149.9184003746905,0.000414991840037469
270,2025-05-23 15:30:00,14170.318311751986,0.0014170318311751986
271,2025-05-26 09:00:00,10687.482865154863,0.0010687482865154863
272,2025-05-26 09:05:00,-5862.798262999659,-0.0005862798262999658
273,2025-05-26 09:10:00,9143.88320690287,0.0009143883206902871
274,2025-05-26 09:15:00,7045.2583399161,0.00070452583399161
275,2025-05-26 09:20:00,4649.319316063238,0.0004649319316063238
276,2025-05-26 09:25:00,47.82228124604035,4.782228124604035e-06
277,2025-05-26 09:30:00,2249.9181684947844,0.00022499181684947843
278,2025-05-26 09:35:00,-3001.2478744641744,-0.00030012478744641745
279,2025-05-26 09:40:00,1749.6862364541203,0.00017496862364541201
280,2025-05-26 09:45:00,-5700.757521917707,-0.0005700757521917707
281,2025-05-26 09:50:00,1749.7172881592096,0.00017497172881592097
282,2025-05-26 09:55:00,-3150.868496080543,-0.00031508684960805433
283,2025-05-26 10:00:00,8898.832654849433,0.0008898832654849433
284,2025-05-26 10:05:00,5549.461625174394,0.0005549461625174393
285,2025-05-26 10:10:00,3148.970208180585,0.0003148970208180585
286,2025-05-26 10:15:00,1048.6671383359226,0.00010486671383359226
287,2025-05-26 10:20:00,9399.574989647994,0.0009399574989647993
288,2025-05-26 10:25:00,8098.652269244537,0.0008098652269244537
289,2025-05-26 10:30:00,9899.759984554667,0.0009899759984554667
290,2025-05-26 10:35:00,9149.519163722636,0.0009149519163722637
291,2025-05-26 10:40:00,6499.727539217939,0.0006499727539217939
292,2025-05-26 10:45:00,4849.554966566722,0.00048495549665667224
293,2025-05-26 10:50:00,5499.823467340294,0.0005499823467340294
294,2025-05-26 10:55:00,10149.622084004142,0.0010149622084004142
295,2025-05-26 11:00:00,9799.582320962369,0.000979958232096237
296,2025-05-26 11:05:00,13549.769762886495,0.0013549769762886495
297,2025-05-26 11:10:00,8799.880833682924,0.0008799880833682925
298,2025-05-26 11:15:00,15049.620485802714,0.0015049620485802714
299,2025-05-26 11:20:00,9599.861836416603,0.0009599861836416603
300,2025-05-26 11:25:00,16099.67240830203,0.0016099672408302031
301,2025-05-26 11:30:00,10399.96322280404,0.0010399963222804038
302,2025-05-26 12:30:00,21049.03581356521,0.002104903581356521
303,2025-05-26 12:35:00,13749.6971356446,0.0013749697135644599
304,2025-05-26 12:40:00,17449.634524783527,0.0017449634524783527
305,2025-05-26 12:45:00,12199.915199398492,0.0012199915199398493
306,2025-05-26 12:50:00,18649.839055894758,0.0018649839055894758
307,2025-05-26 12:55:00,12399.893178994564,0.0012399893178994563
308,2025-05-26 13:00:00,17999.904129956816,0.0017999904129956817
309,2025-05-26 13:05:00,12249.862309891132,0.0012249862309891132
310,2025-05-26 13:10:00,19549.817086610026,0.0019549817086610024
311,2025-05-26 13:15:00,12299.97175450797,0.001229997175450797
312,2025-05-26 13:20:00,21249.667742161208,0.0021249667742161207
313,2025-05-26 13:25:00,11199.921144924592,0.0011199921144924591
314,2025-05-26 13:30:00,20049.852779820274,0.0020049852779820275
315,2025-05-26 13:35:00,11550.0,0.001155
316,2025-05-26 13:40:00,19599.943842497916,0.0019599943842497918
317,2025-05-26 13:45:00,11999.905059508492,0.001199990505950849
318,2025-05-26 13:50:00,16099.854297119013,0.0016099854297119012
319,2025-05-26 13:55:00,12249.952199861535,0.0012249952199861534
320,2025-05-26 14:00:00,18049.736290116958,0.001804973629011696
321,2025-05-26 14:05:00,12049.951166501978,0.001204995116650198
322,2025-05-26 14:10:00,15749.823016490825,0.0015749823016490826
323,2025-05-26 14:15:00,8549.808989780291,0.0008549808989780291
324,2025-05-26 14:20:00,14149.757476516783,0.0014149757476516784
325,2025-05-26 14:25:00,9699.913636964518,0.0009699913636964519
326,2025-05-26 14:30:00,13899.789900079637,0.0013899789900079637
327,2025-05-26 14:35:00,8999.977562390819,0.0008999977562390819
328,2025-05-26 14:40:00,13449.926704733445,0.0013449926704733445
329,2025-05-26 14:45:00,9250.0,0.000925
330,2025-05-26 14:50:00,13799.817748960886,0.0013799817748960887
331,2025-05-26 14:55:00,9049.981049458347,0.0009049981049458347
332,2025-05-26 15:00:00,12299.844179533184,0.0012299844179533184
333,2025-05-26 15:05:00,7449.925208458846,0.0007449925208458846
334,2025-05-26 15:10:00,11149.877056614458,0.0011149877056614457
335,2025-05-26 15:15:00,5749.961557248298,0.0005749961557248298
336,2025-05-26 15:20:00,11249.944107700328,0.0011249944107700328
337,2025-05-26 15:25:00,4899.914814449096,0.0004899914814449096
338,2025-05-26 15:30:00,16499.837503785053,0.0016499837503785053
339,2025-05-27 09:00:00,9599.018078365478,0.0009599018078365477
340,2025-05-27 09:05:00,14495.271850746158,0.0014495271850746157
341,2025-05-27 09:10:00,8099.70686771984,0.000809970686771984
342,2025-05-27 09:15:00,15099.516237746897,0.0015099516237746897
343,2025-05-27 09:20:00,10799.509387479937,0.0010799509387479937
344,2025-05-27 09:25:00,19998.097277005607,0.001999809727700561
345,2025-05-27 09:30:00,14099.682016090184,0.0014099682016090185
346,2025-05-27 09:35:00,21799.942038138826,0.0021799942038138826
347,2025-05-27 09:40:00,13799.889059247007,0.0013799889059247007
348,2025-05-27 09:45:00,19198.882379471772,0.0019198882379471772
349,2025-05-27 09:50:00,12299.745077065521,0.0012299745077065521
350,2025-05-27 09:55:00,19299.699070309918,0.001929969907030992
351,2025-05-27 10:00:00,11699.90406859609,0.001169990406859609
352,2025-05-27 10:05:00,21799.362251162176,0.0021799362251162177
353,2025-05-27 10:10:00,12899.953913696512,0.0012899953913696513
354,2025-05-27 10:15:00,23599.399905668623,0.002359939990566862
355,2025-05-27 10:20:00,12599.914423720731,0.001259991442372073
356,2025-05-27 10:25:00,25899.01416009636,0.002589901416009636
357,2025-05-27 10:30:00,12299.918129972039,0.0012299918129972038
358,2025-05-27 10:35:00,24799.22141064756,0.0024799221410647557
359,2025-05-27 10:40:00,13199.922310613669,0.001319992231061367
360,2025-05-27 10:45:00,26199.632727326363,0.0026199632727326363
361,2025-05-27 10:50:00,14400.0,0.00144
362,2025-05-27 10:55:00,28699.56486373842,0.0028699564863738417
363,2025-05-27 11:00:00,15900.0,0.00159
364,2025-05-27 11:05:00,27999.72055912682,0.002799972055912682
365,2025-05-27 11:10:00,17099.903292555413,0.0017099903292555412
366,2025-05-27 11:15:00,28699.952990995618,0.0028699952990995617
367,2025-05-27 11:20:00,16499.936891854926,0.0016499936891854925
368,2025-05-27 11:25:00,27599.79286187233,0.0027599792861872333
369,2025-05-27 11:30:00,16800.0,0.00168
370,2025-05-27 12:30:00,29299.70222159571,0.002929970222159571
371,2025-05-27 12:35:00,17399.971199953765,0.0017399971199953766
372,2025-05-27 12:40:00,31399.778939382384,0.0031399778939382385
373,2025-05-27 12:45:00,18899.972750178866,0.0018899972750178865
374,2025-05-27 12:50:00,31499.80624752395,0.003149980624752395
375,2025-05-27 12:55:00,19500.0,0.00195
376,2025-05-27 13:00:00,32199.80818814523,0.003219980818814523
377,2025-05-27 13:05:00,19200.0,0.00192
378,2025-05-27 13:10:00,32999.91995426908,0.0032999919954269075
379,2025-05-27 13:15:00,19800.0,0.00198
380,2025-05-27 13:20:00,33099.77374700146,0.0033099773747001463
381,2025-05-27 13:25:00,17399.884314763658,0.0017399884314763657
382,2025-05-27 13:30:00,14999.880035137749,0.0014999880035137748
383,2025-05-27 13:40:00,15000.0,0.0015
384,2025-05-27 13:50:00,13399.772756744534,0.0013399772756744535
385,2025-05-27 14:00:00,12599.889755698608,0.0012599889755698609
386,2025-05-27 14:10:00,10599.731662837177,0.0010599731662837178
387,2025-05-27 14:20:00,6149.771689396678,0.0006149771689396678
388,2025-05-27 14:30:00,5249.89383159312,0.000524989383159312
389,2025-05-27 14:40:00,1949.6280813735527,0.00019496280813735526
390,2025-05-27 14:50:00,3449.839671635707,0.0003449839671635707
391,2025-05-27 15:00:00,2999.9542198684744,0.00029999542198684743
392,2025-05-27 15:10:00,2849.9851812784427,0.0002849985181278443
393,2025-05-27 15:20:00,2249.942397359664,0.0002249942397359664
394,2025-05-27 15:30:00,3599.9092648188553,0.00035999092648188554
395,2025-05-28 09:05:00,-753.9721619885095,-7.539721619885095e-05
396,2025-05-28 09:15:00,6148.3191650481,0.00061483191650481
397,2025-05-28 09:25:00,5399.850971728361,0.0005399850971728362
398,2025-05-28 09:35:00,7049.701843743869,0.0007049701843743869
399,2025-05-28 09:45:00,7050.0,0.000705
400,2025-05-28 09:55:00,6749.949749776526,0.0006749949749776526
401,2025-05-28 10:05:00,5999.881448300145,0.0005999881448300145
402,2025-05-28 10:15:00,6000.0,0.0006
403,2025-05-28 10:25:00,7199.824620599164,0.0007199824620599163
404,2025-05-28 10:35:00,5999.831695215247,0.0005999831695215248
405,2025-05-28 10:45:00,5549.938024993692,0.0005549938024993692
406,2025-05-28 10:55:00,4949.918991071749,0.0004949918991071749
407,2025-05-28 11:05:00,5399.941555837275,0.0005399941555837275
408,2025-05-28 11:15:00,3799.97467173817,0.000379997467173817
409,2025-05-28 11:25:00,3699.98765594768,0.00036999876559476805
410,2025-05-28 12:30:00,2399.8475386996606,0.00023998475386996607
411,2025-05-28 12:40:00,3499.8789543565617,0.0003499878954356562
412,2025-05-28 12:50:00,3699.9785157436754,0.00036999785157436756
413,2025-05-28 13:00:00,3799.989560608792,0.0003799989560608792
414,2025-05-28 13:10:00,3599.979718553855,0.0003599979718553855
415,2025-05-28 13:20:00,3999.96029240006,0.000399996029240006
416,2025-05-28 13:30:00,4699.932956116913,0.00046999329561169136
417,2025-05-28 13:40:00,4799.990564900927,0.0004799990564900927
418,2025-05-28 13:50:00,4899.990878629834,0.0004899990878629834
419,2025-05-28 14:00:00,4399.955432859171,0.0004399955432859171
420,2025-05-28 14:10:00,4599.982517693719,0.00045999825176937193
421,2025-05-28 14:20:00,5099.957646180579,0.000509995764618058
422,2025-05-28 14:30:00,5499.967125868642,0.0005499967125868642
423,2025-05-28 14:40:00,5599.992022304936,0.0005599992022304936
424,2025-05-28 14:50:00,5099.961003281158,0.0005099961003281158
425,2025-05-28 15:00:00,4999.992358530986,0.0004999992358530987
426,2025-05-28 15:10:00,3399.8817489723856,0.00033998817489723856
427,2025-05-28 15:20:00,3599.9857155319187,0.00035999857155319186
428,2025-05-28 15:30:00,1999.9231663364658,0.00019999231663364657
429,2025-05-30 09:05:00,3098.420886205299,0.0003098420886205299
430,2025-05-30 09:15:00,-1800.5960840361727,-0.00018005960840361727
431,2025-05-30 09:25:00,-3700.6848778828526,-0.0003700684877882853
432,2025-05-30 09:35:00,-5600.494026270076,-0.0005600494026270075
433,2025-05-30 09:45:00,-4200.412527744051,-0.0004200412527744051
434,2025-05-30 09:55:00,-3700.1429784765824,-0.0003700142978476582
435,2025-05-30 10:05:00,-3500.03613518526,-0.00035000361351852596
436,2025-05-30 10:15:00,-750.5060553288009,-7.50506055328801e-05
437,2025-05-30 10:25:00,-1950.2215689884567,-0.00019502215689884569
438,2025-05-30 10:35:00,-3550.282419832338,-0.00035502824198323376
439,2025-05-30 10:45:00,-4500.173227410533,-0.0004500173227410533
440,2025-05-30 10:55:00,-4450.060228239343,-0.00044500602282393427
441,2025-05-30 11:05:00,-4350.052150950736,-0.0004350052150950736
442,2025-05-30 11:15:00,-4450.08238259018,-0.000445008238259018
443,2025-05-30 11:25:00,-3550.1485865685927,-0.0003550148586568593
444,2025-05-30 12:30:00,-1300.359269414696,-0.0001300359269414696
445,2025-05-30 12:40:00,-1550.054546765256,-0.0001550054546765256
446,2025-05-30 12:50:00,-1500.0568969271758,-0.00015000568969271758
447,2025-05-30 13:00:00,-1050.0668038473614,-0.00010500668038473613
448,2025-05-30 13:10:00,-1500.0582053250375,-0.00015000582053250374
449,2025-05-30 13:20:00,-2150.0907711562877,-0.00021500907711562877
450,2025-05-30 13:30:00,-1700.060710862177,-0.00017000607108621772
451,2025-05-30 13:40:00,-1600.0137761373162,-0.00016000137761373163
452,2025-05-30 13:50:00,-1650.017456408806,-0.0001650017456408806
453,2025-05-30 14:00:00,-2400.080021472527,-0.0002400080021472527
454,2025-05-30 14:10:00,-2300.0129416538603,-0.00023000129416538603
455,2025-05-30 14:20:00,-1950.0540237929847,-0.00019500540237929847
456,2025-05-30 14:30:00,-2500.077212626088,-0.00025000772126260884
457,2025-05-30 14:40:00,-3550.1121136344955,-0.00035501121136344955
458,2025-05-30 14:50:00,-3300.036928572342,-0.0003300036928572342
459,2025-05-30 15:00:00,-2650.063269828017,-0.0002650063269828017
460,2025-06-02 09:05:00,224.0,2.24e-05
461,2025-06-02 09:15:00,1043.0,0.0001043
462,2025-06-02 09:25:00,1085.0,0.0001085
463,2025-06-02 09:35:00,1409.1277058338706,0.00014091277058338707
464,2025-06-02 09:45:00,1539.0,0.0001539
465,2025-06-02 09:55:00,1647.0,0.0001647
466,2025-06-02 10:05:00,1598.103225314297,0.0001598103225314297
467,2025-06-02 10:15:00,1600.0,0.00016
468,2025-06-02 10:25:00,1600.0,0.00016
469,2025-06-02 10:35:00,1600.0,0.00016
470,2025-06-02 10:45:00,1600.0,0.00016
471,2025-06-02 10:55:00,800.0,8e-05
472,2025-06-02 11:05:00,899.1309116922662,8.991309116922662e-05
473,2025-06-02 11:15:00,698.2664988875634,6.982664988875634e-05
474,2025-06-02 11:25:00,799.1457673890418,7.991457673890417e-05
475,2025-06-02 12:30:00,800.0,8e-05
476,2025-06-02 12:40:00,899.2370598825238,8.992370598825238e-05
477,2025-06-02 12:50:00,900.0,9e-05
478,2025-06-02 13:00:00,900.0,9e-05
479,2025-06-02 13:10:00,999.3107234816229,9.993107234816228e-05
480,2025-06-02 13:20:00,1000.0,0.0001
481,2025-06-02 13:30:00,1000.0,0.0001
482,2025-06-02 13:40:00,1099.3246957107594,0.00010993246957107594
483,2025-06-02 13:50:00,1100.0,0.00011
484,2025-06-02 14:00:00,1100.0,0.00011
485,2025-06-02 14:10:00,999.3880429031135,9.993880429031134e-05
486,2025-06-02 14:20:00,1000.0,0.0001
487,2025-06-02 14:30:00,899.4062022258777,8.994062022258776e-05
488,2025-06-02 14:40:00,799.4233149010327,7.994233149010327e-05
489,2025-06-02 14:50:00,800.0,8e-05
490,2025-06-02 15:00:00,800.0,8e-05
491,2025-06-02 15:10:00,899.4400831630846,8.994400831630846e-05
492,2025-06-02 15:20:00,900.0,9e-05
493,2025-06-02 15:30:00,799.4997256766459,7.994997256766459e-05
494,2025-06-05 09:05:00,-667.4675988790989,-6.67467598879099e-05
495,2025-06-05 09:10:00,14334.800531134166,0.0014334800531134167
496,2025-06-05 09:15:00,10005.80246206387,0.001000580246206387
497,2025-06-05 09:20:00,13755.320078018094,0.0013755320078018094
498,2025-06-05 09:25:00,34.60218881636558,3.4602188816365585e-06
499,2025-06-05 09:30:00,12438.587558134504,0.0012438587558134505
500,2025-06-05 09:35:00,4708.97867614971,0.000470897867614971
501,2025-06-05 09:40:00,13478.756603331647,0.0013478756603331648
502,2025-06-05 09:45:00,9334.347288106139,0.0009334347288106139
503,2025-06-05 09:50:00,22037.562791969525,0.0022037562791969527
504,2025-06-05 09:55:00,15927.499098045731,0.0015927499098045731
505,2025-06-05 10:00:00,16518.273299446624,0.0016518273299446623
506,2025-06-05 10:05:00,9383.769147071687,0.0009383769147071687
507,2025-06-05 10:10:00,13798.88991750392,0.001379888991750392
508,2025-06-05 10:15:00,3526.356607153927,0.00035263566071539273
509,2025-06-05 10:20:00,8238.662445666827,0.0008238662445666827
510,2025-06-05 10:25:00,-1793.8571514510977,-0.00017938571514510977
511,2025-06-05 10:30:00,6599.57350320416,0.000659957350320416
512,2025-06-05 10:35:00,-754.6007464400835,-7.546007464400835e-05
513,2025-06-05 10:40:00,12839.27905520073,0.001283927905520073
514,2025-06-05 10:45:00,1785.0371282892456,0.00017850371282892457
515,2025-06-05 10:50:00,15358.639266832812,0.0015358639266832813
516,2025-06-05 10:55:00,7610.161933032601,0.0007610161933032601
517,2025-06-05 11:00:00,20438.888788804426,0.0020438888788804426
518,2025-06-05 11:05:00,6826.9595701462695,0.0006826959570146269
519,2025-06-05 11:10:00,20719.689688432667,0.002071968968843267
520,2025-06-05 11:15:00,3632.7908992709563,0.00036327908992709565
521,2025-06-05 11:20:00,16038.895950167827,0.0016038895950167826
522,2025-06-05 11:25:00,6670.3527261464815,0.0006670352726146482
523,2025-06-05 11:30:00,21878.912643666907,0.002187891264366691
524,2025-06-05 12:30:00,6911.909929679905,0.0006911909929679905
525,2025-06-05 12:35:00,26398.808487435523,0.0026398808487435523
526,2025-06-05 12:40:00,16243.031663943351,0.001624303166394335
527,2025-06-05 12:45:00,36318.94871646985,0.003631894871646985
528,2025-06-05 12:50:00,19327.34494609932,0.0019327344946099322
529,2025-06-05 12:55:00,31039.72911456936,0.003103972911456936
530,2025-06-05 13:00:00,15048.900442665288,0.0015048900442665289
531,2025-06-05 13:05:00,33719.667260687376,0.003371966726068738
532,2025-06-05 13:10:00,16497.081085551734,0.0016497081085551735
533,2025-06-05 13:15:00,25239.59116797668,0.002523959116797668
534,2025-06-05 13:20:00,16990.470590541714,0.0016990470590541715
535,2025-06-05 13:25:00,30359.651265179036,0.0030359651265179036
536,2025-06-05 13:30:00,21870.419978539896,0.00218704199785399
537,2025-06-05 13:35:00,29519.730080885412,0.0029519730080885412
538,2025-06-05 13:40:00,18975.874353937757,0.0018975874353937758
539,2025-06-05 13:45:00,32199.820371833288,0.0032199820371833286
540,2025-06-05 13:50:00,5918.019067725137,0.0005918019067725137
541,2025-06-05 13:55:00,15799.619397196035,0.0015799619397196035
542,2025-06-05 14:00:00,5622.917129287822,0.0005622917129287822
543,2025-06-05 14:05:00,16959.90681914334,0.001695990681914334
544,2025-06-05 14:10:00,3950.9334884599866,0.00039509334884599864
545,2025-06-05 14:15:00,15119.807120442223,0.0015119807120442222
546,2025-06-05 14:20:00,-808.164876898996,-8.08164876898996e-05
547,2025-06-05 14:25:00,13559.837605070792,0.0013559837605070792
548,2025-06-05 14:30:00,2477.940946380691,0.0002477940946380691
549,2025-06-05 14:35:00,15839.889698293175,0.0015839889698293175
550,2025-06-05 14:40:00,3805.9097348605487,0.0003805909734860549
551,2025-06-05 14:45:00,17399.835453008352,0.0017399835453008352
552,2025-06-05 14:50:00,6810.462148215709,0.0006810462148215709
553,2025-06-05 14:55:00,16279.92279289273,0.0016279922792892731
554,2025-06-05 15:00:00,2425.983620579486,0.0002425983620579486
555,2025-06-05 15:05:00,11279.632179300539,0.0011279632179300538
556,2025-06-05 15:10:00,-1488.072392526674,-0.00014880723925266741
557,2025-06-05 15:15:00,16679.626904756442,0.0016679626904756442
558,2025-06-05 15:20:00,3915.915783323423,0.0003915915783323423
559,2025-06-05 15:25:00,18999.861023469468,0.0018999861023469469
560,2025-06-05 15:30:00,5138.501052792992,0.0005138501052792992
561,2025-06-06 09:00:00,26553.55463859246,0.002655355463859246
562,2025-06-06 09:05:00,159.64455900416812,1.5964455900416812e-05
563,2025-06-10 09:05:00,189.98136907465948,1.8998136907465948e-05
564,2025-06-10 09:10:00,179.99865680721385,1.7999865680721383e-05
565,2025-06-10 09:15:00,159.99766316413655,1.5999766316413656e-05
566,2025-06-10 09:20:00,149.99896110810258,1.4999896110810257e-05
567,2025-06-10 09:25:00,279.9880964063603,2.7998809640636027e-05
568,2025-06-10 09:30:00,309.99770450176055,3.0999770450176055e-05
569,2025-06-10 09:35:00,310.0000000000023,3.1000000000000225e-05
570,2025-06-10 09:40:00,329.99882978314713,3.299988297831471e-05
571,2025-06-10 09:45:00,469.992103232334,4.69992103232334e-05
572,2025-06-10 09:50:00,439.99862358081,4.3999862358081e-05
573,2025-06-10 09:55:00,469.9987370627093,4.6999873706270935e-05
574,2025-06-10 10:00:00,389.99674591671857,3.8999674591671854e-05
575,2025-06-10 10:05:00,399.99960790658224,3.999996079065822e-05
576,2025-06-10 10:10:00,379.9992487537674,3.799992487537674e-05
577,2025-06-10 10:15:00,329.9981607294993,3.299981607294993e-05
578,2025-06-10 10:20:00,399.9975153963905,3.999975153963905e-05
579,2025-06-10 10:25:00,369.9989652187676,3.699989652187676e-05
580,2025-06-10 10:30:00,370.00000000000455,3.700000000000045e-05
581,2025-06-10 10:35:00,269.9967112119646,2.699967112119646e-05
582,2025-06-10 10:40:00,259.9996806648693,2.5999968066486927e-05
583,2025-06-10 10:45:00,289.99906645761774,2.8999906645761774e-05
584,2025-06-10 10:50:00,279.9996939122429,2.799996939122429e-05
585,2025-06-10 10:55:00,149.99606629056507,1.4999606629056507e-05
586,2025-06-10 11:00:00,189.99885844092287,1.8999885844092286e-05
587,2025-06-10 11:05:00,199.99973384301867,1.9999973384301868e-05
588,2025-06-10 11:10:00,169.99921177832854,1.6999921177832853e-05
589,2025-06-10 11:15:00,159.99974102687483,1.5999974102687483e-05
590,2025-06-10 11:20:00,149.99974540424614,1.4999974540424614e-05
591,2025-06-10 11:25:00,129.99949989633245,1.2999949989633246e-05
592,2025-06-10 11:30:00,99.999272304787,9.9999272304787e-06
593,2025-06-10 12:30:00,109.99976444253987,1.0999976444253987e-05
594,2025-06-10 12:35:00,69.99911164622812,6.999911164622811e-06
