datetime,symbol,pnl,price,size,price_prev,volume
2025-05-23 09:05:00,2802.T,4000.0,4250.0,100,4210.0,93.0
2025-05-23 09:05:00,7011.T,2000.0,3070.0,100,3045.0,49450.0
2025-05-23 09:15:00,2802.T,3500.0,4245.0,100,4230.0,414.0
2025-05-23 09:15:00,7011.T,3100.0,3081.0,100,3072.0,105867.0
2025-05-23 09:25:00,2802.T,5000.0,4260.0,100,4270.0,533.0
2025-05-23 09:25:00,7011.T,7200.0,3122.0,100,3117.0,182569.0
2025-05-23 09:35:00,2802.T,5000.0,4260.0,100,4250.0,603.0
2025-05-23 09:35:00,7011.T,4400.0,3094.0,100,3096.0,242029.0
2025-05-23 09:45:00,2802.T,3500.0,4245.0,100,4250.0,633.0
2025-05-23 09:45:00,7011.T,6800.0,3118.0,100,3122.0,277066.0
2025-05-23 09:55:00,2802.T,4000.0,4250.0,100,4250.0,641.0
2025-05-23 09:55:00,7011.T,8200.0,3132.0,100,3116.0,312122.0
2025-05-23 10:05:00,2802.T,5500.0,4265.0,100,4250.0,681.0
2025-05-23 10:05:00,7011.T,11000.0,3160.0,100,3147.0,343852.0
2025-05-23 10:15:00,2802.T,5000.0,4260.0,100,4260.0,714.0
2025-05-23 10:15:00,7011.T,14600.0,3196.0,100,3175.0,399578.0
2025-05-23 10:25:00,2802.T,5500.0,4265.0,100,4260.0,729.0
2025-05-23 10:25:00,7011.T,13100.0,3181.0,100,3189.0,471584.0
2025-05-23 10:35:00,2802.T,6000.0,4270.0,100,4265.0,740.0
2025-05-23 10:35:00,7011.T,13600.0,3186.0,100,3171.0,505920.0
2025-05-23 10:45:00,2802.T,4500.0,4255.0,100,4265.0,785.0
2025-05-23 10:45:00,7011.T,14200.0,3192.0,100,3186.0,530278.0
2025-05-23 10:55:00,2802.T,4000.0,4250.0,100,4260.0,801.0
2025-05-23 10:55:00,7011.T,13300.0,3183.0,100,3193.0,551939.0
2025-05-23 11:05:00,2802.T,5500.0,4265.0,100,4265.0,810.0
2025-05-23 11:05:00,7011.T,12900.0,3179.0,100,3193.0,570761.0
2025-05-23 11:15:00,2802.T,6000.0,4270.0,100,4270.0,812.0
2025-05-23 11:15:00,7011.T,13500.0,3185.0,100,3186.0,591513.0
2025-05-23 11:25:00,2802.T,6000.0,4270.0,100,4270.0,819.0
2025-05-23 11:25:00,7011.T,13500.0,3185.0,100,3183.0,601471.0
2025-05-23 12:30:00,2802.T,6500.0,4275.0,100,4270.0,919.0
2025-05-23 12:30:00,7011.T,14000.0,3190.0,100,3183.0,611501.0
2025-05-23 12:40:00,2802.T,6500.0,4275.0,100,4270.0,966.0
2025-05-23 12:40:00,7011.T,14400.0,3194.0,100,3185.0,631899.0
2025-05-23 12:50:00,2802.T,6500.0,4275.0,100,4275.0,974.0
2025-05-23 12:50:00,7011.T,14100.0,3191.0,100,3193.0,647388.0
2025-05-23 13:00:00,2802.T,5500.0,4265.0,100,4270.0,988.0
2025-05-23 13:00:00,7011.T,12900.0,3179.0,100,3186.0,665835.0
2025-05-23 13:10:00,2802.T,6500.0,4275.0,100,4265.0,1001.0
2025-05-23 13:10:00,7011.T,13400.0,3184.0,100,3185.0,687139.0
2025-05-23 13:20:00,2802.T,3500.0,4245.0,100,4265.0,1016.0
2025-05-23 13:20:00,7011.T,11200.0,3162.0,100,3159.0,712274.0
2025-05-23 13:30:00,2802.T,3000.0,4240.0,100,4240.0,1169.0
2025-05-23 13:30:00,7011.T,11200.0,3162.0,100,3154.0,734197.0
2025-05-23 13:40:00,2802.T,3000.0,4240.0,100,4235.0,1192.0
2025-05-23 13:40:00,7011.T,12000.0,3170.0,100,3175.0,759059.0
2025-05-23 13:50:00,2802.T,4000.0,4250.0,100,4245.0,1228.0
2025-05-23 13:50:00,7011.T,14700.0,3197.0,100,3184.0,774965.0
2025-05-23 14:00:00,2802.T,5500.0,4265.0,100,4260.0,1235.0
2025-05-23 14:00:00,7011.T,12600.0,3176.0,100,3172.0,832845.0
2025-05-23 14:10:00,2802.T,4500.0,4255.0,100,4260.0,1292.0
2025-05-23 14:10:00,7011.T,15400.0,3204.0,100,3205.0,864323.0
2025-05-23 14:20:00,2802.T,5000.0,4260.0,100,4255.0,1299.0
2025-05-23 14:20:00,7011.T,16100.0,3211.0,100,3212.0,890917.0
2025-05-23 14:30:00,2802.T,4500.0,4255.0,100,4260.0,1320.0
2025-05-23 14:30:00,7011.T,15900.0,3209.0,100,3210.0,915137.0
2025-05-23 14:40:00,2802.T,5000.0,4260.0,100,4260.0,1330.0
2025-05-23 14:40:00,7011.T,15900.0,3209.0,100,3208.0,926912.0
2025-05-23 14:50:00,2802.T,5000.0,4260.0,100,4260.0,1412.0
2025-05-23 14:50:00,7011.T,15000.0,3200.0,100,3204.0,945779.0
2025-05-23 15:00:00,2802.T,5500.0,4265.0,100,4260.0,1428.0
2025-05-23 15:00:00,7011.T,15100.0,3201.0,100,3200.0,962956.0
2025-05-23 15:10:00,2802.T,5500.0,4265.0,100,4265.0,1446.0
2025-05-23 15:10:00,7011.T,15200.0,3202.0,100,3198.0,981090.0
2025-05-23 15:20:00,2802.T,4500.0,4255.0,100,4250.0,1614.0
2025-05-23 15:20:00,7011.T,15800.0,3208.0,100,3201.0,998951.0
2025-05-23 15:30:00,2802.T,6000.0,4270.0,100,4255.0,1884.0
2025-05-23 15:30:00,7011.T,15800.0,3208.0,100,3205.0,1035829.0
2025-05-26 09:05:00,2802.T,1500.0,4245.0,100,4250.0,49.0
2025-05-26 09:15:00,2802.T,1000.0,4240.0,100,4235.0,78.0
2025-05-26 09:25:00,2802.T,-1000.0,4220.0,100,4225.0,110.0
2025-05-26 09:35:00,2802.T,-500.0,4225.0,100,4220.0,112.0
2025-05-26 09:45:00,2802.T,-1500.0,4215.0,100,4220.0,127.0
2025-05-26 09:55:00,2802.T,-1000.0,4220.0,100,4220.0,143.0
2025-05-26 10:05:00,2802.T,0.0,4230.0,100,4220.0,191.0
2025-05-26 10:15:00,2802.T,-500.0,4225.0,100,4235.0,201.0
2025-05-26 10:25:00,2802.T,-500.0,4225.0,100,4225.0,210.0
2025-05-26 10:35:00,2802.T,0.0,4230.0,100,4225.0,228.0
2025-05-26 10:45:00,2802.T,0.0,4230.0,100,4230.0,231.0
2025-05-26 10:55:00,2802.T,0.0,4230.0,100,4230.0,234.0
2025-05-26 11:05:00,2802.T,0.0,4230.0,100,4230.0,248.0
2025-05-26 11:15:00,2802.T,0.0,4230.0,100,4230.0,248.0
2025-05-26 11:25:00,2802.T,0.0,4230.0,100,4230.0,253.0
2025-05-26 12:30:00,2802.T,-500.0,4225.0,100,4225.0,268.0
2025-05-26 12:40:00,2802.T,-500.0,4225.0,100,4225.0,284.0
2025-05-26 12:50:00,2802.T,-500.0,4225.0,100,4225.0,301.0
2025-05-26 13:00:00,2802.T,-500.0,4225.0,100,4225.0,305.0
2025-05-26 13:10:00,2802.T,-500.0,4225.0,100,4225.0,312.0
2025-05-26 13:20:00,2802.T,0.0,4230.0,100,4225.0,315.0
2025-05-26 13:30:00,2802.T,0.0,4230.0,100,4230.0,321.0
2025-05-26 13:40:00,2802.T,0.0,4230.0,100,4225.0,331.0
2025-05-26 13:50:00,2802.T,-500.0,4225.0,100,4225.0,351.0
2025-05-26 14:00:00,2802.T,-1500.0,4215.0,100,4220.0,378.0
2025-05-26 14:10:00,2802.T,-1000.0,4220.0,100,4220.0,425.0
2025-05-26 14:20:00,2802.T,-1000.0,4220.0,100,4220.0,433.0
2025-05-26 14:30:00,2802.T,-1000.0,4220.0,100,4220.0,441.0
2025-05-26 14:40:00,2802.T,-1000.0,4220.0,100,4220.0,445.0
2025-05-26 14:50:00,2802.T,-1000.0,4220.0,100,4220.0,459.0
2025-05-26 15:00:00,2802.T,-1000.0,4220.0,100,4215.0,487.0
2025-05-26 15:10:00,2802.T,-1000.0,4220.0,100,4225.0,501.0
2025-05-26 15:20:00,2802.T,-500.0,4225.0,100,4220.0,543.0
2025-05-26 15:30:00,2802.T,-500.0,4225.0,100,4225.0,701.0
2025-05-27 09:05:00,2802.T,0.0,4225.0,100,4220.0,41.0
2025-05-27 09:05:00,5802.T,-450.0,804.3,100,805.9,12347.0
2025-05-27 09:05:00,7011.T,0.0,3200.0,100,3191.0,34505.0
2025-05-27 09:15:00,2802.T,-1000.0,4215.0,100,4220.0,50.0
2025-05-27 09:15:00,5802.T,-319.9999999999932,805.6,100,803.5,24479.0
2025-05-27 09:15:00,7011.T,-1600.0,3184.0,100,3174.0,78697.0
2025-05-27 09:25:00,2802.T,-1500.0,4210.0,100,4205.0,72.0
2025-05-27 09:25:00,5802.T,-269.9999999999932,806.1,100,805.0,30140.0
2025-05-27 09:25:00,7011.T,-1300.0,3187.0,100,3183.0,102855.0
2025-05-27 09:35:00,2802.T,-1500.0,4210.0,100,4210.0,79.0
2025-05-27 09:35:00,5802.T,-659.9999999999909,802.2,100,804.4,34395.0
2025-05-27 09:35:00,7011.T,-1500.0,3185.0,100,3176.0,129114.0
2025-05-27 09:45:00,2802.T,-2000.0,4205.0,100,4205.0,100.0
2025-05-27 09:45:00,5802.T,-579.9999999999955,803.0,100,801.9,40645.0
2025-05-27 09:45:00,7011.T,900.0,3209.0,100,3195.0,152200.0
2025-05-27 09:55:00,2802.T,-2000.0,4205.0,100,4205.0,108.0
2025-05-27 09:55:00,5802.T,-629.9999999999955,802.5,100,801.6,43968.0
2025-05-27 09:55:00,7011.T,1900.0,3219.0,100,3210.0,178640.0
2025-05-27 10:05:00,2802.T,-2000.0,4205.0,100,4205.0,110.0
2025-05-27 10:05:00,5802.T,-700.0,801.8,100,802.6,46906.0
2025-05-27 10:05:00,7011.T,1800.0,3218.0,100,3217.0,212178.0
2025-05-27 10:15:00,2802.T,-2500.0,4200.0,100,4200.0,123.0
2025-05-27 10:15:00,5802.T,-889.9999999999977,799.9,100,799.9,61849.0
2025-05-27 10:15:00,7011.T,3100.0,3231.0,100,3227.0,237227.0
2025-05-27 10:25:00,2802.T,-3000.0,4195.0,100,4195.0,151.0
2025-05-27 10:25:00,5802.T,-1019.9999999999932,798.6,100,799.5,67102.0
2025-05-27 10:25:00,7011.T,2800.0,3228.0,100,3223.0,264235.0
2025-05-27 10:35:00,2802.T,-3000.0,4195.0,100,4190.0,158.0
2025-05-27 10:35:00,5802.T,-1129.9999999999955,797.5,100,797.4,74809.0
2025-05-27 10:35:00,7011.T,2600.0,3226.0,100,3232.0,285991.0
2025-05-27 10:45:00,2802.T,-3000.0,4195.0,100,4195.0,164.0
2025-05-27 10:45:00,5802.T,-1150.0,797.3,100,797.1,82114.0
2025-05-27 10:45:00,7011.T,2300.0,3223.0,100,3218.0,304880.0
2025-05-27 10:55:00,2802.T,-3500.0,4190.0,100,4195.0,166.0
2025-05-27 10:55:00,5802.T,-1129.9999999999955,797.5,100,797.8,86586.0
2025-05-27 10:55:00,7011.T,2700.0,3227.0,100,3221.0,315733.0
2025-05-27 11:05:00,2802.T,-3000.0,4195.0,100,4190.0,174.0
2025-05-27 11:05:00,5802.T,-969.9999999999932,799.1,100,799.0,90337.0
2025-05-27 11:05:00,7011.T,2100.0,3221.0,100,3230.0,327997.0
2025-05-27 11:15:00,2802.T,-3000.0,4195.0,100,4195.0,179.0
2025-05-27 11:15:00,5802.T,-950.0,799.3,100,798.8,93273.0
2025-05-27 11:15:00,7011.T,1500.0,3215.0,100,3215.0,341241.0
2025-05-27 11:25:00,2802.T,-2500.0,4200.0,100,4200.0,192.0
2025-05-27 11:25:00,5802.T,-979.9999999999955,799.0,100,799.5,95588.0
2025-05-27 11:25:00,7011.T,1500.0,3215.0,100,3215.0,347574.0
2025-05-27 12:30:00,2802.T,-1000.0,4215.0,100,4210.0,218.0
2025-05-27 12:30:00,5802.T,-879.9999999999955,800.0,100,799.1,99587.0
2025-05-27 12:30:00,7011.T,2400.0,3224.0,100,3213.0,359950.0
2025-05-27 12:40:00,2802.T,-1500.0,4210.0,100,4215.0,249.0
2025-05-27 12:40:00,5802.T,-1039.9999999999977,798.4,100,799.7,103699.0
2025-05-27 12:40:00,7011.T,2700.0,3227.0,100,3228.0,374785.0
2025-05-27 12:50:00,2802.T,-2000.0,4205.0,100,4210.0,273.0
2025-05-27 12:50:00,5802.T,-1100.0,797.8,100,798.6,109091.0
2025-05-27 12:50:00,7011.T,2600.0,3226.0,100,3228.0,386628.0
2025-05-27 13:00:00,2802.T,-2500.0,4200.0,100,4200.0,294.0
2025-05-27 13:00:00,5802.T,-1079.9999999999955,798.0,100,797.9,112007.0
2025-05-27 13:00:00,7011.T,3500.0,3235.0,100,3226.0,397285.0
2025-05-27 13:10:00,2802.T,-2000.0,4205.0,100,4210.0,304.0
2025-05-27 13:10:00,5802.T,-1119.9999999999932,797.6,100,796.9,120244.0
2025-05-27 13:10:00,7011.T,4600.0,3246.0,100,3242.0,425537.0
2025-05-27 13:20:00,2802.T,-2500.0,4200.0,100,4205.0,307.0
2025-05-27 13:20:00,5802.T,-1169.9999999999932,797.1,100,797.0,122865.0
2025-05-27 13:20:00,7011.T,4300.0,3243.0,100,3240.0,438361.0
2025-05-27 13:30:00,2802.T,-2000.0,4205.0,100,4205.0,312.0
2025-05-27 13:30:00,5802.T,-1100.0,797.8,100,797.6,124675.0
2025-05-27 13:30:00,7011.T,4200.0,3242.0,100,3242.0,446821.0
2025-05-27 13:40:00,2802.T,-2500.0,4200.0,100,4205.0,319.0
2025-05-27 13:40:00,5802.T,-1139.9999999999977,797.4,100,797.4,126168.0
2025-05-27 13:40:00,7011.T,4900.0,3249.0,100,3243.0,454167.0
2025-05-27 13:50:00,2802.T,-3000.0,4195.0,100,4205.0,334.0
2025-05-27 13:50:00,5802.T,-1429.9999999999955,794.5,100,795.7,137657.0
2025-05-27 13:50:00,7011.T,4300.0,3243.0,100,3248.0,465936.0
2025-05-27 14:00:00,2802.T,-1500.0,4210.0,100,4195.0,352.0
2025-05-27 14:00:00,5802.T,-1329.9999999999955,795.5,100,794.8,143049.0
2025-05-27 14:00:00,7011.T,4900.0,3249.0,100,3244.0,471319.0
2025-05-27 14:10:00,2802.T,-1500.0,4210.0,100,4210.0,386.0
2025-05-27 14:10:00,5802.T,-1369.9999999999932,795.1,100,794.9,146544.0
2025-05-27 14:10:00,7011.T,5600.0,3256.0,100,3258.0,490460.0
2025-05-27 14:20:00,2802.T,-500.0,4220.0,100,4220.0,397.0
2025-05-27 14:20:00,5802.T,-1439.9999999999977,794.4,100,793.7,152612.0
2025-05-27 14:20:00,7011.T,6200.0,3262.0,100,3258.0,502586.0
2025-05-27 14:30:00,2802.T,-500.0,4220.0,100,4220.0,403.0
2025-05-27 14:30:00,5802.T,-1259.999999999991,796.2,100,795.3,155592.0
2025-05-27 14:30:00,7011.T,7200.0,3272.0,100,3266.0,521233.0
2025-05-27 14:40:00,2802.T,0.0,4225.0,100,4220.0,422.0
2025-05-27 14:40:00,5802.T,-1139.9999999999977,797.4,100,796.1,158241.0
2025-05-27 14:40:00,7011.T,7800.0,3278.0,100,3269.0,534760.0
2025-05-27 14:50:00,2802.T,-2000.0,4205.0,100,4210.0,469.0
2025-05-27 14:50:00,5802.T,-1250.0,796.3,100,797.3,162885.0
2025-05-27 14:50:00,7011.T,7300.0,3273.0,100,3272.0,551568.0
2025-05-27 15:00:00,2802.T,-1500.0,4210.0,100,4205.0,507.0
2025-05-27 15:00:00,5802.T,-1279.9999999999955,796.0,100,796.1,166746.0
2025-05-27 15:00:00,7011.T,7800.0,3278.0,100,3274.0,561869.0
2025-05-27 15:10:00,2802.T,-2000.0,4205.0,100,4205.0,514.0
2025-05-27 15:10:00,5802.T,-1369.9999999999932,795.1,100,795.3,170565.0
2025-05-27 15:10:00,7011.T,7800.0,3278.0,100,3282.0,579694.0
2025-05-27 15:20:00,2802.T,-1500.0,4210.0,100,4205.0,548.0
2025-05-27 15:20:00,5802.T,-1239.9999999999977,796.4,100,795.8,173377.0
2025-05-27 15:20:00,7011.T,8800.0,3288.0,100,3286.0,594089.0
2025-05-27 15:30:00,2802.T,-1500.0,4210.0,100,4210.0,727.0
2025-05-27 15:30:00,5802.T,-1369.9999999999932,795.1,100,796.6,190569.0
2025-05-27 15:30:00,7011.T,8400.0,3284.0,100,3289.0,615067.0
2025-05-28 09:05:00,2802.T,-500.0,4205.0,100,4215.0,109.0
2025-05-28 09:05:00,5802.T,-50.0,799.5,100,799.0,11515.0
2025-05-28 09:15:00,2802.T,-500.0,4205.0,100,4205.0,240.0
2025-05-28 09:15:00,5802.T,-29.999999999995453,799.7,100,800.8,20015.0
2025-05-28 09:25:00,2802.T,-1000.0,4200.0,100,4200.0,286.0
2025-05-28 09:25:00,5802.T,-200.0,798.0,100,798.9,23932.0
2025-05-28 09:35:00,2802.T,-500.0,4205.0,100,4200.0,299.0
2025-05-28 09:35:00,5802.T,-129.99999999999545,798.7,100,798.0,28470.0
2025-05-28 09:45:00,2802.T,-1000.0,4200.0,100,4200.0,321.0
2025-05-28 09:45:00,5802.T,-110.00000000000227,798.9,100,799.5,31659.0
2025-05-28 09:55:00,2802.T,-1500.0,4195.0,100,4200.0,325.0
2025-05-28 09:55:00,5802.T,-89.99999999999773,799.1,100,798.0,33709.0
2025-05-28 10:05:00,2802.T,-1000.0,4200.0,100,4195.0,336.0
2025-05-28 10:05:00,5802.T,-50.0,799.5,100,799.0,36995.0
2025-05-28 10:15:00,2802.T,-1000.0,4200.0,100,4205.0,345.0
2025-05-28 10:15:00,5802.T,-79.99999999999545,799.2,100,800.0,40143.0
2025-05-28 10:25:00,2802.T,-1000.0,4200.0,100,4200.0,349.0
2025-05-28 10:25:00,5802.T,-129.99999999999545,798.7,100,799.0,41550.0
2025-05-28 10:35:00,2802.T,0.0,4210.0,100,4205.0,389.0
2025-05-28 10:35:00,5802.T,-89.99999999999773,799.1,100,798.0,43645.0
2025-05-28 10:45:00,2802.T,-500.0,4205.0,100,4205.0,440.0
2025-05-28 10:45:00,5802.T,0.0,800.0,100,799.6,45258.0
2025-05-28 10:55:00,2802.T,-500.0,4205.0,100,4200.0,442.0
2025-05-28 10:55:00,5802.T,39.999999999997726,800.4,100,800.3,48803.0
2025-05-28 11:05:00,2802.T,-1000.0,4200.0,100,4195.0,476.0
2025-05-28 11:05:00,5802.T,100.0,801.0,100,801.1,51381.0
2025-05-28 11:15:00,2802.T,-1000.0,4200.0,100,4205.0,483.0
2025-05-28 11:15:00,5802.T,139.99999999999773,801.4,100,800.5,52899.0
2025-05-28 11:25:00,2802.T,-500.0,4205.0,100,4200.0,502.0
2025-05-28 11:25:00,5802.T,229.99999999999545,802.3,100,800.8,55706.0
2025-05-28 12:30:00,2802.T,1000.0,4220.0,100,4200.0,550.0
2025-05-28 12:30:00,5802.T,100.0,801.0,100,802.2,62882.0
2025-05-28 12:40:00,2802.T,0.0,4210.0,100,4210.0,852.0
2025-05-28 12:40:00,5802.T,-139.99999999999773,798.6,100,799.5,67449.0
2025-05-28 12:50:00,2802.T,-1000.0,4200.0,100,4200.0,873.0
2025-05-28 12:50:00,5802.T,-120.00000000000455,798.8,100,799.6,71226.0
2025-05-28 13:00:00,2802.T,-1000.0,4200.0,100,4200.0,889.0
2025-05-28 13:00:00,5802.T,-110.00000000000227,798.9,100,798.3,74073.0
2025-05-28 13:10:00,2802.T,-1000.0,4200.0,100,4205.0,897.0
2025-05-28 13:10:00,5802.T,-70.00000000000455,799.3,100,799.0,75384.0
2025-05-28 13:20:00,2802.T,-1000.0,4200.0,100,4200.0,911.0
2025-05-28 13:20:00,5802.T,-79.99999999999545,799.2,100,799.2,76948.0
2025-05-28 13:30:00,2802.T,-2000.0,4190.0,100,4190.0,990.0
2025-05-28 13:30:00,5802.T,-89.99999999999773,799.1,100,799.4,78077.0
2025-05-28 13:40:00,2802.T,-3500.0,4175.0,100,4185.0,1032.0
2025-05-28 13:40:00,5802.T,-139.99999999999773,798.6,100,798.4,79605.0
2025-05-28 13:50:00,2802.T,-2500.0,4185.0,100,4175.0,1059.0
2025-05-28 13:50:00,5802.T,-139.99999999999773,798.6,100,798.3,81098.0
2025-05-28 14:00:00,2802.T,-2500.0,4185.0,100,4185.0,1078.0
2025-05-28 14:00:00,5802.T,-110.00000000000227,798.9,100,799.1,82067.0
2025-05-28 14:10:00,2802.T,-2500.0,4185.0,100,4185.0,1092.0
2025-05-28 14:10:00,5802.T,-129.99999999999545,798.7,100,798.8,83478.0
2025-05-28 14:20:00,2802.T,-2500.0,4185.0,100,4175.0,1149.0
2025-05-28 14:20:00,5802.T,-29.999999999995453,799.7,100,799.5,85819.0
2025-05-28 14:30:00,2802.T,-2500.0,4185.0,100,4180.0,1160.0
2025-05-28 14:30:00,5802.T,-60.000000000002274,799.4,100,799.1,87928.0
2025-05-28 14:40:00,2802.T,-3500.0,4175.0,100,4180.0,1172.0
2025-05-28 14:40:00,5802.T,-129.99999999999545,798.7,100,799.4,88804.0
2025-05-28 14:50:00,2802.T,-3000.0,4180.0,100,4180.0,1200.0
2025-05-28 14:50:00,5802.T,-100.0,799.0,100,798.9,91449.0
2025-05-28 15:00:00,2802.T,-4000.0,4170.0,100,4175.0,1221.0
2025-05-28 15:00:00,5802.T,-410.0000000000023,795.9,100,798.3,92375.0
2025-05-28 15:10:00,2802.T,-3500.0,4175.0,100,4175.0,1257.0
2025-05-28 15:10:00,5802.T,-310.0000000000023,796.9,100,797.1,97591.0
2025-05-28 15:20:00,2802.T,-4500.0,4165.0,100,4175.0,1281.0
2025-05-28 15:20:00,5802.T,-429.99999999999545,795.7,100,796.0,100442.0
2025-05-28 15:30:00,2802.T,-5000.0,4160.0,100,4165.0,1588.0
2025-05-28 15:30:00,5802.T,-529.9999999999955,794.7,100,795.9,122612.0
2025-05-29 09:05:00,2802.T,-3000.0,4130.0,100,4165.0,84.0
2025-05-29 09:05:00,5802.T,139.99999999999773,796.4,100,798.8,8421.0
2025-05-29 09:05:00,7011.T,-2600.0,3281.0,100,3284.0,57065.0
2025-05-29 09:15:00,2802.T,-2000.0,4140.0,100,4135.0,174.0
2025-05-29 09:15:00,5802.T,520.0000000000045,800.2,100,799.7,14527.0
2025-05-29 09:15:00,7011.T,-2200.0,3285.0,100,3278.0,89780.0
2025-05-29 09:25:00,2802.T,-2000.0,4140.0,100,4135.0,195.0
2025-05-29 09:25:00,5802.T,570.0000000000045,800.7,100,801.5,22100.0
2025-05-29 09:25:00,7011.T,-2300.0,3284.0,100,3281.0,113043.0
2025-05-29 09:35:00,2802.T,-2500.0,4135.0,100,4145.0,230.0
2025-05-29 09:35:00,5802.T,620.0000000000045,801.2,100,801.2,27119.0
2025-05-29 09:35:00,7011.T,-600.0,3301.0,100,3289.0,133603.0
2025-05-29 09:45:00,2802.T,0.0,4160.0,100,4150.0,273.0
2025-05-29 09:45:00,5802.T,560.0000000000023,800.6,100,801.6,31876.0
2025-05-29 09:45:00,7011.T,-1200.0,3295.0,100,3295.0,159366.0
2025-05-29 09:55:00,2802.T,-1500.0,4145.0,100,4155.0,292.0
2025-05-29 09:55:00,5802.T,520.0000000000045,800.2,100,800.7,35713.0
2025-05-29 09:55:00,7011.T,-3300.0,3274.0,100,3294.0,178921.0
2025-05-29 10:05:00,2802.T,-1500.0,4145.0,100,4150.0,312.0
2025-05-29 10:05:00,5802.T,929.9999999999955,804.3,100,802.6,44127.0
2025-05-29 10:05:00,7011.T,-5300.0,3254.0,100,3263.0,215744.0
2025-05-29 10:15:00,2802.T,-2500.0,4135.0,100,4135.0,328.0
2025-05-29 10:15:00,5802.T,1029.9999999999955,805.3,100,805.3,53678.0
2025-05-29 10:15:00,7011.T,-6900.0,3238.0,100,3250.0,243294.0
2025-05-29 10:25:00,2802.T,-3000.0,4130.0,100,4130.0,350.0
2025-05-29 10:25:00,5802.T,1300.0,808.0,100,805.0,61483.0
2025-05-29 10:25:00,7011.T,-5900.0,3248.0,100,3245.0,265541.0
2025-05-29 10:35:00,2802.T,-3000.0,4130.0,100,4130.0,372.0
2025-05-29 10:35:00,5802.T,1579.9999999999955,810.8,100,808.6,76224.0
2025-05-29 10:35:00,7011.T,-6400.0,3243.0,100,3245.0,284885.0
2025-05-29 10:45:00,2802.T,-1500.0,4145.0,100,4140.0,382.0
2025-05-29 10:45:00,5802.T,1310.0000000000023,808.1,100,810.0,85136.0
2025-05-29 10:45:00,7011.T,-4900.0,3258.0,100,3258.0,301026.0
2025-05-29 10:55:00,2802.T,-2500.0,4135.0,100,4140.0,397.0
2025-05-29 10:55:00,5802.T,1260.0000000000023,807.6,100,809.7,91065.0
2025-05-29 10:55:00,7011.T,-3500.0,3272.0,100,3262.0,313649.0
2025-05-29 11:05:00,2802.T,-3000.0,4130.0,100,4135.0,413.0
2025-05-29 11:05:00,5802.T,1150.0,806.5,100,809.1,93476.0
2025-05-29 11:05:00,7011.T,-3800.0,3269.0,100,3267.0,333715.0
2025-05-29 11:15:00,2802.T,-2000.0,4140.0,100,4135.0,436.0
2025-05-29 11:15:00,5802.T,1320.0000000000045,808.2,100,807.6,98056.0
2025-05-29 11:15:00,7011.T,-3000.0,3277.0,100,3272.0,343893.0
2025-05-29 11:25:00,2802.T,-1500.0,4145.0,100,4140.0,477.0
2025-05-29 11:25:00,5802.T,1310.0000000000023,808.1,100,807.8,100396.0
2025-05-29 11:25:00,7011.T,-1900.0,3288.0,100,3281.0,356363.0
2025-05-29 12:30:00,2802.T,500.0,4165.0,100,4140.0,535.0
2025-05-29 12:30:00,5802.T,1120.0000000000045,806.2,100,808.4,102814.0
2025-05-29 12:30:00,7011.T,-800.0,3299.0,100,3289.0,373471.0
2025-05-29 12:40:00,2802.T,500.0,4165.0,100,4180.0,605.0
2025-05-29 12:40:00,5802.T,950.0,804.5,100,806.0,106548.0
2025-05-29 12:40:00,7011.T,-600.0,3301.0,100,3303.0,399384.0
2025-05-29 12:50:00,2802.T,1000.0,4170.0,100,4170.0,651.0
2025-05-29 12:50:00,5802.T,910.0000000000023,804.1,100,805.0,111863.0
2025-05-29 12:50:00,7011.T,-1600.0,3291.0,100,3294.0,415184.0
2025-05-29 13:00:00,2802.T,500.0,4165.0,100,4165.0,671.0
2025-05-29 13:00:00,5802.T,839.9999999999977,803.4,100,803.0,115671.0
2025-05-29 13:00:00,7011.T,-1800.0,3289.0,100,3288.0,428652.0
2025-05-29 13:10:00,2802.T,-500.0,4155.0,100,4155.0,696.0
2025-05-29 13:10:00,5802.T,720.0000000000045,802.2,100,802.4,118203.0
2025-05-29 13:10:00,7011.T,-2100.0,3286.0,100,3282.0,440366.0
2025-05-29 13:20:00,2802.T,0.0,4160.0,100,4155.0,707.0
2025-05-29 13:20:00,5802.T,670.0000000000045,801.7,100,800.9,121985.0
2025-05-29 13:20:00,7011.T,-1900.0,3288.0,100,3293.0,450304.0
2025-05-29 13:30:00,2802.T,-1000.0,4150.0,100,4155.0,740.0
2025-05-29 13:30:00,5802.T,500.0,800.0,100,800.8,124722.0
2025-05-29 13:30:00,7011.T,-2100.0,3286.0,100,3288.0,456257.0
2025-05-29 13:40:00,2802.T,-500.0,4155.0,100,4150.0,761.0
2025-05-29 13:40:00,5802.T,629.9999999999955,801.3,100,800.4,128910.0
2025-05-29 13:40:00,7011.T,-2200.0,3285.0,100,3281.0,464698.0
2025-05-29 13:50:00,2802.T,-500.0,4155.0,100,4155.0,769.0
2025-05-29 13:50:00,5802.T,679.9999999999955,801.8,100,801.6,130989.0
2025-05-29 13:50:00,7011.T,-1900.0,3288.0,100,3286.0,469423.0
2025-05-29 14:00:00,2802.T,0.0,4160.0,100,4165.0,790.0
2025-05-29 14:00:00,5802.T,750.0,802.5,100,802.6,135353.0
2025-05-29 14:00:00,7011.T,-1800.0,3289.0,100,3289.0,475027.0
2025-05-29 14:10:00,2802.T,-500.0,4155.0,100,4160.0,801.0
2025-05-29 14:10:00,5802.T,629.9999999999955,801.3,100,801.9,137417.0
2025-05-29 14:10:00,7011.T,-3000.0,3277.0,100,3277.0,483482.0
2025-05-29 14:20:00,2802.T,500.0,4165.0,100,4160.0,819.0
2025-05-29 14:20:00,5802.T,670.0000000000045,801.7,100,802.0,139713.0
2025-05-29 14:20:00,7011.T,-2500.0,3282.0,100,3280.0,489692.0
2025-05-29 14:30:00,2802.T,1000.0,4170.0,100,4175.0,851.0
2025-05-29 14:30:00,5802.T,710.0000000000023,802.1,100,801.8,141465.0
2025-05-29 14:30:00,7011.T,-2500.0,3282.0,100,3285.0,496118.0
2025-05-29 14:40:00,2802.T,1000.0,4170.0,100,4165.0,891.0
2025-05-29 14:40:00,5802.T,720.0000000000045,802.2,100,802.2,143369.0
2025-05-29 14:40:00,7011.T,-2200.0,3285.0,100,3281.0,499086.0
2025-05-29 14:50:00,2802.T,1000.0,4170.0,100,4170.0,907.0
2025-05-29 14:50:00,5802.T,700.0,802.0,100,802.3,145154.0
2025-05-29 14:50:00,7011.T,-1700.0,3290.0,100,3294.0,507376.0
2025-05-29 15:00:00,2802.T,500.0,4165.0,100,4160.0,951.0
2025-05-29 15:00:00,5802.T,850.0,803.5,100,802.7,148657.0
2025-05-29 15:00:00,7011.T,-2000.0,3287.0,100,3294.0,513754.0
2025-05-29 15:10:00,2802.T,1000.0,4170.0,100,4165.0,995.0
2025-05-29 15:10:00,5802.T,800.0,803.0,100,802.1,152230.0
2025-05-29 15:10:00,7011.T,-1700.0,3290.0,100,3292.0,520411.0
2025-05-29 15:20:00,2802.T,500.0,4165.0,100,4170.0,1015.0
2025-05-29 15:20:00,5802.T,820.0000000000045,803.2,100,802.8,155588.0
2025-05-29 15:20:00,7011.T,-1100.0,3296.0,100,3292.0,526454.0
2025-05-29 15:30:00,2802.T,2000.0,4180.0,100,4165.0,1497.0
2025-05-29 15:30:00,5802.T,900.0,804.0,100,802.7,172018.0
2025-05-29 15:30:00,7011.T,-800.0,3299.0,100,3296.0,553531.0
2025-05-30 09:05:00,2802.T,3000.0,4175.0,100,4165.0,90.0
2025-05-30 09:05:00,5802.T,-140.0000000000091,793.8,100,792.2,17460.0
2025-05-30 09:05:00,7011.T,300.0,3264.0,100,3262.0,27690.0
2025-05-30 09:05:00,8309.T,1600.0,3857.0,100,3850.0,2455.0
2025-05-30 09:15:00,2802.T,1500.0,4160.0,100,4170.0,128.0
2025-05-30 09:15:00,5802.T,89.99999999999773,796.1,100,794.7,25547.0
2025-05-30 09:15:00,7011.T,100.0,3262.0,100,3282.0,57150.0
2025-05-30 09:15:00,8309.T,1200.0,3853.0,100,3846.0,4164.0
2025-05-30 09:25:00,2802.T,500.0,4150.0,100,4160.0,156.0
2025-05-30 09:25:00,5802.T,139.99999999999773,796.6,100,797.1,32101.0
2025-05-30 09:25:00,7011.T,-200.0,3259.0,100,3257.0,84424.0
2025-05-30 09:25:00,8309.T,1900.0,3860.0,100,3862.0,4710.0
2025-05-30 09:35:00,2802.T,1000.0,4155.0,100,4150.0,167.0
2025-05-30 09:35:00,5802.T,189.99999999999773,797.1,100,797.3,36203.0
2025-05-30 09:35:00,7011.T,300.0,3264.0,100,3261.0,110050.0
2025-05-30 09:35:00,8309.T,2500.0,3866.0,100,3864.0,5366.0
2025-05-30 09:45:00,2802.T,3000.0,4175.0,100,4160.0,196.0
2025-05-30 09:45:00,5802.T,150.0,796.7,100,796.6,40728.0
2025-05-30 09:45:00,7011.T,300.0,3264.0,100,3264.0,122463.0
2025-05-30 09:45:00,8309.T,2000.0,3861.0,100,3865.0,5814.0
2025-05-30 09:55:00,2802.T,3000.0,4175.0,100,4180.0,231.0
2025-05-30 09:55:00,5802.T,209.9999999999909,797.3,100,797.0,43359.0
2025-05-30 09:55:00,7011.T,1300.0,3274.0,100,3266.0,135087.0
2025-05-30 09:55:00,8309.T,2100.0,3862.0,100,3861.0,6425.0
2025-05-30 10:05:00,2802.T,3000.0,4175.0,100,4175.0,241.0
2025-05-30 10:05:00,5802.T,179.99999999999545,797.0,100,797.0,45390.0
2025-05-30 10:05:00,7011.T,2600.0,3287.0,100,3280.0,150145.0
2025-05-30 10:05:00,8309.T,1900.0,3860.0,100,3863.0,6886.0
2025-05-30 10:15:00,2802.T,3000.0,4175.0,100,4175.0,244.0
2025-05-30 10:15:00,5802.T,119.99999999999318,796.4,100,796.8,47436.0
2025-05-30 10:15:00,7011.T,2100.0,3282.0,100,3293.0,170840.0
2025-05-30 10:15:00,8309.T,1400.0,3855.0,100,3859.0,7304.0
2025-05-30 10:25:00,2802.T,3000.0,4175.0,100,4170.0,256.0
2025-05-30 10:25:00,5802.T,279.99999999999545,798.0,100,796.1,49563.0
2025-05-30 10:25:00,7011.T,1800.0,3279.0,100,3277.0,184706.0
2025-05-30 10:25:00,8309.T,1700.0,3858.0,100,3854.0,8153.0
2025-05-30 10:35:00,2802.T,2500.0,4170.0,100,4170.0,263.0
2025-05-30 10:35:00,5802.T,329.99999999999545,798.5,100,798.7,52487.0
2025-05-30 10:35:00,7011.T,1800.0,3279.0,100,3276.0,198643.0
2025-05-30 10:35:00,8309.T,2200.0,3863.0,100,3857.0,8490.0
2025-05-30 10:45:00,2802.T,3000.0,4175.0,100,4175.0,270.0
2025-05-30 10:45:00,5802.T,369.9999999999932,798.9,100,799.6,55550.0
2025-05-30 10:45:00,7011.T,1900.0,3280.0,100,3280.0,210213.0
2025-05-30 10:45:00,8309.T,1800.0,3859.0,100,3866.0,8857.0
2025-05-30 10:55:00,2802.T,3500.0,4180.0,100,4180.0,274.0
2025-05-30 10:55:00,5802.T,269.9999999999932,797.9,100,798.2,57853.0
2025-05-30 10:55:00,7011.T,2700.0,3288.0,100,3280.0,217791.0
2025-05-30 10:55:00,8309.T,1900.0,3860.0,100,3859.0,9456.0
2025-05-30 11:05:00,2802.T,4000.0,4185.0,100,4185.0,295.0
2025-05-30 11:05:00,5802.T,169.99999999999318,796.9,100,798.4,59359.0
2025-05-30 11:05:00,7011.T,3900.0,3300.0,100,3300.0,237436.0
2025-05-30 11:05:00,8309.T,2000.0,3861.0,100,3864.0,9841.0
2025-05-30 11:15:00,2802.T,5500.0,4200.0,100,4190.0,302.0
2025-05-30 11:15:00,5802.T,169.99999999999318,796.9,100,796.7,60856.0
2025-05-30 11:15:00,7011.T,3800.0,3299.0,100,3299.0,247863.0
2025-05-30 11:15:00,8309.T,2600.0,3867.0,100,3864.0,10040.0
2025-05-30 11:25:00,2802.T,4500.0,4190.0,100,4200.0,342.0
2025-05-30 11:25:00,5802.T,9.999999999990905,795.3,100,796.3,62011.0
2025-05-30 11:25:00,7011.T,4200.0,3303.0,100,3299.0,256486.0
2025-05-30 11:25:00,8309.T,2600.0,3867.0,100,3864.0,10253.0
2025-05-30 12:30:00,2802.T,5500.0,4200.0,100,4190.0,402.0
2025-05-30 12:30:00,5802.T,-70.00000000000455,794.5,100,794.6,69359.0
2025-05-30 12:30:00,7011.T,3400.0,3295.0,100,3304.0,268170.0
2025-05-30 12:30:00,8309.T,2300.0,3864.0,100,3867.0,10843.0
2025-05-30 12:40:00,2802.T,6000.0,4205.0,100,4210.0,455.0
2025-05-30 12:40:00,5802.T,-100.0,794.2,100,794.1,81626.0
2025-05-30 12:40:00,7011.T,3600.0,3297.0,100,3297.0,278690.0
2025-05-30 12:40:00,8309.T,3100.0,3872.0,100,3867.0,11207.0
2025-05-30 12:50:00,2802.T,6000.0,4205.0,100,4200.0,478.0
2025-05-30 12:50:00,5802.T,-120.00000000000455,794.0,100,794.4,86521.0
2025-05-30 12:50:00,7011.T,3500.0,3296.0,100,3298.0,285224.0
2025-05-30 12:50:00,8309.T,3400.0,3875.0,100,3870.0,11656.0
2025-05-30 13:00:00,2802.T,6000.0,4205.0,100,4210.0,488.0
2025-05-30 13:00:00,5802.T,-170.00000000000455,793.5,100,793.9,90593.0
2025-05-30 13:00:00,7011.T,3600.0,3297.0,100,3294.0,294112.0
2025-05-30 13:00:00,8309.T,4000.0,3881.0,100,3881.0,12186.0
2025-05-30 13:10:00,2802.T,5000.0,4195.0,100,4205.0,504.0
2025-05-30 13:10:00,5802.T,-200.0,793.2,100,793.3,95760.0
2025-05-30 13:10:00,7011.T,3500.0,3296.0,100,3300.0,304495.0
2025-05-30 13:10:00,8309.T,4000.0,3881.0,100,3883.0,12593.0
2025-05-30 13:20:00,2802.T,4000.0,4185.0,100,4190.0,548.0
2025-05-30 13:20:00,5802.T,-150.0,793.7,100,793.2,98461.0
2025-05-30 13:20:00,7011.T,3100.0,3292.0,100,3292.0,309509.0
2025-05-30 13:20:00,8309.T,4000.0,3881.0,100,3880.0,12885.0
2025-05-30 13:30:00,2802.T,4000.0,4185.0,100,4185.0,564.0
2025-05-30 13:30:00,5802.T,-130.00000000000682,793.9,100,793.4,100639.0
2025-05-30 13:30:00,7011.T,3200.0,3293.0,100,3294.0,314778.0
2025-05-30 13:30:00,8309.T,3900.0,3880.0,100,3879.0,13246.0
2025-05-30 13:40:00,2802.T,4500.0,4190.0,100,4185.0,571.0
2025-05-30 13:40:00,5802.T,-190.0000000000091,793.3,100,793.7,103234.0
2025-05-30 13:40:00,7011.T,3300.0,3294.0,100,3295.0,318971.0
2025-05-30 13:40:00,8309.T,3900.0,3880.0,100,3880.0,13609.0
2025-05-30 13:50:00,2802.T,4000.0,4185.0,100,4185.0,590.0
2025-05-30 13:50:00,5802.T,-140.0000000000091,793.8,100,793.4,105297.0
2025-05-30 13:50:00,7011.T,3200.0,3293.0,100,3295.0,321746.0
2025-05-30 13:50:00,8309.T,4100.0,3882.0,100,3883.0,13938.0
2025-05-30 14:00:00,2802.T,3000.0,4175.0,100,4185.0,615.0
2025-05-30 14:00:00,5802.T,-160.00000000000227,793.6,100,793.9,108646.0
2025-05-30 14:00:00,7011.T,3800.0,3299.0,100,3300.0,328454.0
2025-05-30 14:00:00,8309.T,4700.0,3888.0,100,3885.0,14456.0
2025-05-30 14:10:00,2802.T,3500.0,4180.0,100,4175.0,647.0
2025-05-30 14:10:00,5802.T,-210.00000000000227,793.1,100,793.5,111207.0
2025-05-30 14:10:00,7011.T,4900.0,3310.0,100,3312.0,344663.0
2025-05-30 14:10:00,8309.T,4700.0,3888.0,100,3888.0,14899.0
2025-05-30 14:20:00,2802.T,4000.0,4185.0,100,4180.0,652.0
2025-05-30 14:20:00,5802.T,-280.0000000000068,792.4,100,792.5,115366.0
2025-05-30 14:20:00,7011.T,4800.0,3309.0,100,3312.0,354212.0
2025-05-30 14:20:00,8309.T,5200.0,3893.0,100,3888.0,15199.0
2025-05-30 14:30:00,2802.T,3500.0,4180.0,100,4185.0,680.0
2025-05-30 14:30:00,5802.T,-160.00000000000227,793.6,100,792.7,122659.0
2025-05-30 14:30:00,7011.T,5000.0,3311.0,100,3310.0,359894.0
2025-05-30 14:30:00,8309.T,5700.0,3898.0,100,3891.0,15705.0
2025-05-30 14:40:00,2802.T,4000.0,4185.0,100,4185.0,691.0
2025-05-30 14:40:00,5802.T,-10.000000000002274,795.1,100,794.1,126410.0
2025-05-30 14:40:00,7011.T,6100.0,3322.0,100,3315.0,370048.0
2025-05-30 14:40:00,8309.T,6100.0,3902.0,100,3899.0,16780.0
2025-05-30 14:50:00,2802.T,4500.0,4190.0,100,4190.0,714.0
2025-05-30 14:50:00,5802.T,59.999999999990905,795.8,100,795.1,132177.0
2025-05-30 14:50:00,7011.T,6300.0,3324.0,100,3323.0,383879.0
2025-05-30 14:50:00,8309.T,6100.0,3902.0,100,3902.0,17495.0
2025-05-30 15:00:00,2802.T,4500.0,4190.0,100,4190.0,727.0
2025-05-30 15:00:00,5802.T,19.99999999999318,795.4,100,796.1,135871.0
2025-05-30 15:00:00,7011.T,7300.0,3334.0,100,3323.0,393094.0
2025-05-30 15:00:00,8309.T,5700.0,3898.0,100,3902.0,18228.0
2025-05-30 15:10:00,2802.T,5000.0,4195.0,100,4190.0,777.0
2025-05-30 15:10:00,5802.T,69.99999999999318,795.9,100,795.2,139849.0
2025-05-30 15:10:00,7011.T,9300.0,3354.0,100,3346.0,419380.0
2025-05-30 15:10:00,8309.T,6200.0,3903.0,100,3900.0,19040.0
2025-05-30 15:20:00,2802.T,4500.0,4190.0,100,4190.0,798.0
2025-05-30 15:20:00,5802.T,59.999999999990905,795.8,100,796.0,145320.0
2025-05-30 15:20:00,7011.T,9400.0,3355.0,100,3352.0,449906.0
2025-05-30 15:20:00,8309.T,6800.0,3909.0,100,3901.0,20029.0
2025-05-30 15:30:00,2802.T,5000.0,4195.0,100,4195.0,1314.0
2025-05-30 15:30:00,5802.T,339.9999999999977,798.6,100,795.9,249986.0
2025-05-30 15:30:00,7011.T,9100.0,3352.0,100,3360.0,535470.0
2025-05-30 15:30:00,8309.T,8200.0,3923.0,100,3912.0,66835.0
2025-06-02 09:05:00,2802.T,2000.0,4215.0,100,4220.0,152.0
2025-06-02 09:05:00,5802.T,-579.9999999999955,790.2,100,795.2,15697.0
2025-06-02 09:05:00,7011.T,-2000.0,3340.0,100,3371.0,54907.0
2025-06-02 09:15:00,2802.T,3000.0,4225.0,100,4235.0,213.0
2025-06-02 09:15:00,5802.T,-660.0000000000023,789.4,100,787.5,37122.0
2025-06-02 09:15:00,7011.T,-2400.0,3336.0,100,3357.0,89869.0
2025-06-02 09:25:00,2802.T,3000.0,4225.0,100,4225.0,258.0
2025-06-02 09:25:00,5802.T,-670.0000000000045,789.3,100,789.6,42681.0
2025-06-02 09:25:00,7011.T,-2700.0,3333.0,100,3348.0,114459.0
2025-06-02 09:35:00,2802.T,3500.0,4230.0,100,4240.0,293.0
2025-06-02 09:35:00,5802.T,-629.9999999999955,789.7,100,789.3,46378.0
2025-06-02 09:35:00,7011.T,-3000.0,3330.0,100,3332.0,136196.0
2025-06-02 09:45:00,2802.T,2000.0,4215.0,100,4225.0,315.0
2025-06-02 09:45:00,5802.T,-570.0000000000045,790.3,100,788.9,49365.0
2025-06-02 09:45:00,7011.T,-2100.0,3339.0,100,3330.0,147041.0
2025-06-02 09:55:00,2802.T,2000.0,4215.0,100,4220.0,335.0
2025-06-02 09:55:00,5802.T,-670.0000000000045,789.3,100,789.8,52537.0
2025-06-02 09:55:00,7011.T,-3500.0,3325.0,100,3341.0,162420.0
2025-06-02 10:05:00,2802.T,3500.0,4230.0,100,4210.0,373.0
2025-06-02 10:05:00,5802.T,-610.0000000000023,789.9,100,789.3,55326.0
2025-06-02 10:05:00,7011.T,-3900.0,3321.0,100,3326.0,177895.0
2025-06-02 10:15:00,2802.T,3500.0,4230.0,100,4230.0,423.0
2025-06-02 10:15:00,5802.T,-639.9999999999977,789.6,100,789.6,58442.0
2025-06-02 10:15:00,7011.T,-3900.0,3321.0,100,3319.0,192098.0
2025-06-02 10:25:00,2802.T,4000.0,4235.0,100,4235.0,434.0
2025-06-02 10:25:00,5802.T,-520.0000000000045,790.8,100,791.3,62604.0
2025-06-02 10:25:00,7011.T,-4300.0,3317.0,100,3315.0,201055.0
2025-06-02 10:35:00,2802.T,4500.0,4240.0,100,4240.0,482.0
2025-06-02 10:35:00,5802.T,-489.9999999999977,791.1,100,790.5,65064.0
2025-06-02 10:35:00,7011.T,-3700.0,3323.0,100,3319.0,211498.0
2025-06-02 10:45:00,2802.T,4500.0,4240.0,100,4235.0,491.0
2025-06-02 10:45:00,5802.T,770.0000000000045,803.7,100,796.8,83648.0
2025-06-02 10:45:00,7011.T,-3300.0,3327.0,100,3318.0,220271.0
2025-06-02 10:55:00,2802.T,3000.0,4225.0,100,4230.0,500.0
2025-06-02 10:55:00,5802.T,810.0000000000023,804.1,100,802.1,109549.0
2025-06-02 10:55:00,7011.T,-2700.0,3333.0,100,3329.0,230695.0
2025-06-02 11:05:00,2802.T,3000.0,4225.0,100,4230.0,508.0
2025-06-02 11:05:00,5802.T,460.0000000000023,800.6,100,802.7,122454.0
2025-06-02 11:05:00,7011.T,-3400.0,3326.0,100,3336.0,242574.0
2025-06-02 11:15:00,2802.T,4000.0,4235.0,100,4235.0,526.0
2025-06-02 11:15:00,5802.T,760.0000000000023,803.6,100,802.1,137536.0
2025-06-02 11:15:00,7011.T,-1100.0,3349.0,100,3343.0,257171.0
2025-06-02 11:25:00,2802.T,3500.0,4230.0,100,4235.0,531.0
2025-06-02 11:25:00,5802.T,600.0,802.0,100,803.2,142717.0
2025-06-02 11:25:00,7011.T,-1500.0,3345.0,100,3345.0,273867.0
2025-06-02 12:30:00,2802.T,7000.0,4265.0,100,4235.0,581.0
2025-06-02 12:30:00,5802.T,950.0,805.5,100,802.5,147616.0
2025-06-02 12:30:00,7011.T,-3200.0,3328.0,100,3340.0,289343.0
2025-06-02 12:40:00,2802.T,6000.0,4255.0,100,4275.0,735.0
2025-06-02 12:40:00,5802.T,1060.0000000000023,806.6,100,805.8,160124.0
2025-06-02 12:40:00,7011.T,-3000.0,3330.0,100,3322.0,305458.0
2025-06-02 12:50:00,2802.T,5000.0,4245.0,100,4255.0,791.0
2025-06-02 12:50:00,5802.T,900.0,805.0,100,805.1,165276.0
2025-06-02 12:50:00,7011.T,-2000.0,3340.0,100,3332.0,319245.0
2025-06-02 13:00:00,2802.T,3500.0,4230.0,100,4235.0,878.0
2025-06-02 13:00:00,5802.T,1000.0,806.0,100,805.7,169761.0
2025-06-02 13:00:00,7011.T,-1100.0,3349.0,100,3346.0,333819.0
2025-06-02 13:10:00,2802.T,3500.0,4230.0,100,4225.0,922.0
2025-06-02 13:10:00,5802.T,870.0000000000045,804.7,100,804.9,172674.0
2025-06-02 13:10:00,7011.T,-800.0,3352.0,100,3345.0,346415.0
2025-06-02 13:20:00,2802.T,3500.0,4230.0,100,4225.0,934.0
2025-06-02 13:20:00,5802.T,879.9999999999955,804.8,100,804.7,174936.0
2025-06-02 13:20:00,7011.T,-200.0,3358.0,100,3357.0,362099.0
2025-06-02 13:30:00,2802.T,4000.0,4235.0,100,4235.0,953.0
2025-06-02 13:30:00,5802.T,879.9999999999955,804.8,100,804.2,176665.0
2025-06-02 13:30:00,7011.T,-1200.0,3348.0,100,3352.0,377954.0
2025-06-02 13:40:00,2802.T,4000.0,4235.0,100,4235.0,957.0
2025-06-02 13:40:00,5802.T,1739.9999999999977,813.4,100,805.6,178731.0
2025-06-02 13:40:00,7011.T,-800.0,3352.0,100,3349.0,385649.0
2025-06-02 13:50:00,2802.T,3500.0,4230.0,100,4235.0,978.0
2025-06-02 13:50:00,5802.T,1820.0000000000045,814.2,100,817.1,208526.0
2025-06-02 13:50:00,7011.T,-300.0,3357.0,100,3354.0,394040.0
2025-06-02 14:00:00,2802.T,4000.0,4235.0,100,4230.0,986.0
2025-06-02 14:00:00,5802.T,1879.9999999999955,814.8,100,816.2,218819.0
2025-06-02 14:00:00,7011.T,-400.0,3356.0,100,3356.0,405557.0
2025-06-02 14:10:00,2802.T,4000.0,4235.0,100,4230.0,1008.0
2025-06-02 14:10:00,5802.T,2070.0000000000045,816.7,100,814.7,225168.0
2025-06-02 14:10:00,7011.T,0.0,3360.0,100,3357.0,414021.0
2025-06-02 14:20:00,2802.T,4000.0,4235.0,100,4230.0,1020.0
2025-06-02 14:20:00,5802.T,2079.9999999999955,816.8,100,816.8,230073.0
2025-06-02 14:20:00,7011.T,-500.0,3355.0,100,3357.0,424279.0
2025-06-02 14:30:00,2802.T,4000.0,4235.0,100,4235.0,1031.0
2025-06-02 14:30:00,5802.T,2370.0000000000045,819.7,100,819.1,237941.0
2025-06-02 14:30:00,7011.T,-600.0,3354.0,100,3352.0,430187.0
2025-06-02 14:40:00,2802.T,4500.0,4240.0,100,4240.0,1064.0
2025-06-02 14:40:00,5802.T,2550.0,821.5,100,820.8,254473.0
2025-06-02 14:40:00,7011.T,-1000.0,3350.0,100,3353.0,435445.0
2025-06-02 14:50:00,2802.T,4500.0,4240.0,100,4240.0,1075.0
2025-06-02 14:50:00,5802.T,2420.0000000000045,820.2,100,822.3,265259.0
2025-06-02 14:50:00,7011.T,-600.0,3354.0,100,3354.0,443653.0
2025-06-02 15:00:00,2802.T,4000.0,4235.0,100,4235.0,1083.0
2025-06-02 15:00:00,5802.T,2300.0,819.0,100,820.8,270937.0
2025-06-02 15:00:00,7011.T,-1000.0,3350.0,100,3355.0,448471.0
2025-06-02 15:10:00,2802.T,4500.0,4240.0,100,4235.0,1096.0
2025-06-02 15:10:00,5802.T,2520.0000000000045,821.2,100,820.9,277430.0
2025-06-02 15:10:00,7011.T,-1300.0,3347.0,100,3348.0,454604.0
2025-06-02 15:20:00,2802.T,5500.0,4250.0,100,4250.0,1166.0
2025-06-02 15:20:00,5802.T,2329.9999999999955,819.3,100,820.7,286976.0
2025-06-02 15:20:00,7011.T,-1700.0,3343.0,100,3345.0,461128.0
2025-06-02 15:30:00,2802.T,4500.0,4240.0,100,4250.0,1387.0
2025-06-02 15:30:00,5802.T,2470.0000000000045,820.7,100,819.3,310996.0
2025-06-02 15:30:00,7011.T,-2000.0,3340.0,100,3343.0,490458.0
2025-06-03 09:05:00,2413.T,0.0,1208.0,100,1207.0,9.0
2025-06-03 09:05:00,2802.T,-3500.0,4195.0,100,4185.0,146.0
2025-06-03 09:05:00,7011.T,4600.0,3425.0,100,3407.0,62081.0
2025-06-03 09:15:00,2413.T,-300.0,1205.0,100,1205.0,13.0
2025-06-03 09:15:00,2802.T,-3000.0,4200.0,100,4200.0,209.0
2025-06-03 09:15:00,7011.T,4400.0,3423.0,100,3429.0,128648.0
2025-06-03 09:25:00,2413.T,-100.0,1207.0,100,1207.0,16.0
2025-06-03 09:25:00,2802.T,-3500.0,4195.0,100,4190.0,223.0
2025-06-03 09:25:00,7011.T,2800.0,3407.0,100,3399.0,174936.0
2025-06-03 09:35:00,2413.T,-100.0,1207.0,100,1207.0,16.0
2025-06-03 09:35:00,2802.T,-3500.0,4195.0,100,4195.0,231.0
2025-06-03 09:35:00,7011.T,4300.0,3422.0,100,3419.0,205338.0
2025-06-03 09:45:00,2413.T,-300.0,1205.0,100,1204.0,17.0
2025-06-03 09:45:00,2802.T,-3500.0,4195.0,100,4200.0,239.0
2025-06-03 09:45:00,7011.T,5800.0,3437.0,100,3427.0,232487.0
2025-06-03 09:55:00,2413.T,-500.0,1203.0,100,1205.0,22.0
2025-06-03 09:55:00,2802.T,-2500.0,4205.0,100,4195.0,245.0
2025-06-03 09:55:00,7011.T,4900.0,3428.0,100,3435.0,263172.0
2025-06-03 10:05:00,2413.T,-500.0,1203.0,100,1206.0,25.0
2025-06-03 10:05:00,2802.T,-1000.0,4220.0,100,4210.0,258.0
2025-06-03 10:05:00,7011.T,5100.0,3430.0,100,3422.0,283872.0
2025-06-03 10:15:00,2413.T,-500.0,1203.0,100,1203.0,26.0
2025-06-03 10:15:00,2802.T,-1000.0,4220.0,100,4225.0,276.0
2025-06-03 10:15:00,7011.T,3900.0,3418.0,100,3431.0,296235.0
2025-06-03 10:25:00,2413.T,-500.0,1203.0,100,1203.0,26.0
2025-06-03 10:25:00,2802.T,-1000.0,4220.0,100,4220.0,286.0
2025-06-03 10:25:00,7011.T,3200.0,3411.0,100,3418.0,315842.0
2025-06-03 10:35:00,2413.T,-500.0,1203.0,100,1203.0,26.0
2025-06-03 10:35:00,2802.T,-2000.0,4210.0,100,4225.0,291.0
2025-06-03 10:35:00,7011.T,3600.0,3415.0,100,3415.0,335965.0
2025-06-03 10:45:00,2413.T,-300.0,1205.0,100,1205.0,28.0
2025-06-03 10:45:00,2802.T,-2000.0,4210.0,100,4205.0,316.0
2025-06-03 10:45:00,7011.T,2400.0,3403.0,100,3412.0,347417.0
2025-06-03 10:55:00,2413.T,-300.0,1205.0,100,1205.0,29.0
2025-06-03 10:55:00,2802.T,-2000.0,4210.0,100,4205.0,324.0
2025-06-03 10:55:00,7011.T,3300.0,3412.0,100,3402.0,363733.0
2025-06-03 11:05:00,2413.T,-400.0,1204.0,100,1204.0,30.0
2025-06-03 11:05:00,2802.T,-2000.0,4210.0,100,4210.0,327.0
2025-06-03 11:05:00,7011.T,3000.0,3409.0,100,3412.0,374152.0
2025-06-03 11:15:00,2413.T,-800.0,1200.0,100,1204.0,38.0
2025-06-03 11:15:00,2802.T,-3000.0,4200.0,100,4210.0,332.0
2025-06-03 11:15:00,7011.T,2500.0,3404.0,100,3410.0,381679.0
2025-06-03 11:25:00,2413.T,-300.0,1205.0,100,1202.0,60.0
2025-06-03 11:25:00,2802.T,-3500.0,4195.0,100,4195.0,342.0
2025-06-03 11:25:00,7011.T,100.0,3380.0,100,3384.0,397431.0
2025-06-03 12:30:00,2413.T,-700.0,1201.0,100,1200.0,69.0
2025-06-03 12:30:00,2802.T,-4500.0,4185.0,100,4195.0,374.0
2025-06-03 12:30:00,7011.T,-1300.0,3366.0,100,3376.0,416993.0
2025-06-03 12:40:00,2413.T,-600.0,1202.0,100,1201.0,69.0
2025-06-03 12:40:00,2802.T,-5000.0,4180.0,100,4185.0,415.0
2025-06-03 12:40:00,7011.T,-1800.0,3361.0,100,3352.0,446619.0
2025-06-03 12:50:00,2413.T,-600.0,1202.0,100,1202.0,72.0
2025-06-03 12:50:00,2802.T,-6000.0,4170.0,100,4185.0,449.0
2025-06-03 12:50:00,7011.T,-2200.0,3357.0,100,3367.0,467586.0
2025-06-03 13:00:00,2413.T,-600.0,1202.0,100,1202.0,75.0
2025-06-03 13:00:00,2802.T,-6000.0,4170.0,100,4170.0,492.0
2025-06-03 13:00:00,7011.T,-1800.0,3361.0,100,3360.0,483611.0
2025-06-03 13:10:00,2413.T,-400.0,1204.0,100,1204.0,78.0
2025-06-03 13:10:00,2802.T,-6500.0,4165.0,100,4160.0,525.0
2025-06-03 13:10:00,7011.T,-2600.0,3353.0,100,3356.0,500981.0
2025-06-03 13:20:00,2413.T,-800.0,1200.0,100,1200.0,83.0
2025-06-03 13:20:00,2802.T,-7000.0,4160.0,100,4170.0,550.0
2025-06-03 13:20:00,7011.T,-2200.0,3357.0,100,3356.0,511137.0
2025-06-03 13:30:00,2413.T,-1000.0,1198.0,100,1197.0,92.0
2025-06-03 13:30:00,2802.T,-6500.0,4165.0,100,4160.0,662.0
2025-06-03 13:30:00,7011.T,-2700.0,3352.0,100,3354.0,517796.0
2025-06-03 13:40:00,2413.T,-1200.0,1196.0,100,1196.0,94.0
2025-06-03 13:40:00,2802.T,-7000.0,4160.0,100,4165.0,664.0
2025-06-03 13:40:00,7011.T,-3700.0,3342.0,100,3342.0,534849.0
2025-06-03 13:50:00,2413.T,-1000.0,1198.0,100,1199.0,97.0
2025-06-03 13:50:00,2802.T,-6000.0,4170.0,100,4165.0,692.0
2025-06-03 13:50:00,7011.T,-3500.0,3344.0,100,3352.0,544141.0
2025-06-03 14:00:00,2413.T,-1000.0,1198.0,100,1198.0,98.0
2025-06-03 14:00:00,2802.T,-7000.0,4160.0,100,4170.0,698.0
2025-06-03 14:00:00,7011.T,-2100.0,3358.0,100,3351.0,551624.0
2025-06-03 14:10:00,2413.T,-1000.0,1198.0,100,1198.0,98.0
2025-06-03 14:10:00,2802.T,-7000.0,4160.0,100,4160.0,700.0
2025-06-03 14:10:00,7011.T,-2100.0,3358.0,100,3355.0,562024.0
2025-06-03 14:20:00,2413.T,-1000.0,1198.0,100,1198.0,99.0
2025-06-03 14:20:00,2802.T,-6500.0,4165.0,100,4170.0,710.0
2025-06-03 14:20:00,7011.T,-2600.0,3353.0,100,3356.0,567809.0
2025-06-03 14:30:00,2413.T,-1000.0,1198.0,100,1198.0,101.0
2025-06-03 14:30:00,2802.T,-6000.0,4170.0,100,4165.0,744.0
2025-06-03 14:30:00,7011.T,-1500.0,3364.0,100,3360.0,575260.0
2025-06-03 14:40:00,2413.T,-800.0,1200.0,100,1198.0,104.0
2025-06-03 14:40:00,2802.T,-7000.0,4160.0,100,4170.0,745.0
2025-06-03 14:40:00,7011.T,-1200.0,3367.0,100,3364.0,584556.0
2025-06-03 14:50:00,2413.T,-900.0,1199.0,100,1200.0,106.0
2025-06-03 14:50:00,2802.T,-7000.0,4160.0,100,4160.0,772.0
2025-06-03 14:50:00,7011.T,-1000.0,3369.0,100,3370.0,594942.0
2025-06-03 15:00:00,2413.T,-800.0,1200.0,100,1199.0,108.0
2025-06-03 15:00:00,2802.T,-7000.0,4160.0,100,4160.0,793.0
2025-06-03 15:00:00,7011.T,-600.0,3373.0,100,3373.0,603920.0
2025-06-03 15:10:00,2413.T,-700.0,1201.0,100,1201.0,112.0
2025-06-03 15:10:00,2802.T,-7500.0,4155.0,100,4160.0,814.0
2025-06-03 15:10:00,7011.T,-300.0,3376.0,100,3376.0,619627.0
2025-06-03 15:20:00,2413.T,-800.0,1200.0,100,1200.0,115.0
2025-06-03 15:20:00,2802.T,-7500.0,4155.0,100,4155.0,867.0
2025-06-03 15:20:00,7011.T,-900.0,3370.0,100,3372.0,626205.0
2025-06-03 15:30:00,2413.T,-900.0,1199.0,100,1200.0,145.0
2025-06-03 15:30:00,2802.T,-9000.0,4140.0,100,4155.0,1082.0
2025-06-03 15:30:00,7011.T,-1500.0,3364.0,100,3368.0,649287.0
2025-06-04 09:05:00,2413.T,700.0,1206.0,100,1205.0,9.0
2025-06-04 09:05:00,2802.T,4000.0,4190.0,100,4160.0,88.0
2025-06-04 09:05:00,7011.T,1500.0,3395.0,100,3395.0,45938.0
2025-06-04 09:15:00,2413.T,600.0,1205.0,100,1205.0,15.0
2025-06-04 09:15:00,2802.T,3000.0,4180.0,100,4185.0,170.0
2025-06-04 09:15:00,7011.T,-300.0,3377.0,100,3402.0,74221.0
2025-06-04 09:25:00,2413.T,700.0,1206.0,100,1206.0,17.0
2025-06-04 09:25:00,2802.T,2000.0,4170.0,100,4170.0,209.0
2025-06-04 09:25:00,7011.T,-2000.0,3360.0,100,3354.0,108057.0
2025-06-04 09:35:00,2413.T,700.0,1206.0,100,1206.0,17.0
2025-06-04 09:35:00,2802.T,6500.0,4215.0,100,4225.0,455.0
2025-06-04 09:35:00,7011.T,-1200.0,3368.0,100,3368.0,131024.0
2025-06-04 09:45:00,2413.T,700.0,1206.0,100,1206.0,17.0
2025-06-04 09:45:00,2802.T,6500.0,4215.0,100,4210.0,476.0
2025-06-04 09:45:00,7011.T,500.0,3385.0,100,3376.0,144089.0
2025-06-04 09:55:00,2413.T,700.0,1206.0,100,1206.0,17.0
2025-06-04 09:55:00,2802.T,6000.0,4210.0,100,4215.0,500.0
2025-06-04 09:55:00,7011.T,900.0,3389.0,100,3394.0,165370.0
2025-06-04 10:05:00,2413.T,700.0,1206.0,100,1206.0,17.0
2025-06-04 10:05:00,2802.T,6500.0,4215.0,100,4215.0,522.0
2025-06-04 10:05:00,7011.T,2300.0,3403.0,100,3393.0,179347.0
2025-06-04 10:15:00,2413.T,700.0,1206.0,100,1206.0,17.0
2025-06-04 10:15:00,2802.T,6500.0,4215.0,100,4215.0,542.0
2025-06-04 10:15:00,7011.T,1100.0,3391.0,100,3397.0,200009.0
2025-06-04 10:25:00,2413.T,800.0,1207.0,100,1206.0,17.0
2025-06-04 10:25:00,2802.T,6000.0,4210.0,100,4220.0,558.0
2025-06-04 10:25:00,7011.T,900.0,3389.0,100,3391.0,211397.0
2025-06-04 10:35:00,2413.T,500.0,1204.0,100,1204.0,19.0
2025-06-04 10:35:00,2802.T,5500.0,4205.0,100,4205.0,578.0
2025-06-04 10:35:00,7011.T,-200.0,3378.0,100,3382.0,226236.0
2025-06-04 10:45:00,2413.T,1100.0,1210.0,100,1204.0,19.0
2025-06-04 10:45:00,2802.T,5500.0,4205.0,100,4205.0,594.0
2025-06-04 10:45:00,7011.T,-600.0,3374.0,100,3380.0,236913.0
2025-06-04 10:55:00,2413.T,900.0,1208.0,100,1211.0,32.0
2025-06-04 10:55:00,2802.T,6500.0,4215.0,100,4210.0,612.0
2025-06-04 10:55:00,7011.T,0.0,3380.0,100,3375.0,246116.0
2025-06-04 11:05:00,2413.T,900.0,1208.0,100,1208.0,34.0
2025-06-04 11:05:00,2802.T,6000.0,4210.0,100,4210.0,640.0
2025-06-04 11:05:00,7011.T,1000.0,3390.0,100,3383.0,253470.0
2025-06-04 11:15:00,2413.T,1300.0,1212.0,100,1208.0,34.0
2025-06-04 11:15:00,2802.T,8000.0,4230.0,100,4215.0,656.0
2025-06-04 11:15:00,7011.T,600.0,3386.0,100,3394.0,262572.0
2025-06-04 11:25:00,2413.T,1600.0,1215.0,100,1215.0,36.0
2025-06-04 11:25:00,2802.T,8000.0,4230.0,100,4230.0,704.0
2025-06-04 11:25:00,7011.T,700.0,3387.0,100,3385.0,269494.0
2025-06-04 12:30:00,2413.T,1600.0,1215.0,100,1215.0,43.0
2025-06-04 12:30:00,2802.T,7500.0,4225.0,100,4230.0,743.0
2025-06-04 12:30:00,7011.T,700.0,3387.0,100,3389.0,282382.0
2025-06-04 12:40:00,2413.T,1500.0,1214.0,100,1215.0,43.0
2025-06-04 12:40:00,2802.T,8500.0,4235.0,100,4225.0,783.0
2025-06-04 12:40:00,7011.T,800.0,3388.0,100,3392.0,294935.0
2025-06-04 12:50:00,2413.T,1600.0,1215.0,100,1215.0,51.0
2025-06-04 12:50:00,2802.T,7500.0,4225.0,100,4220.0,826.0
2025-06-04 12:50:00,7011.T,800.0,3388.0,100,3389.0,302039.0
2025-06-04 13:00:00,2413.T,1400.0,1213.0,100,1216.0,54.0
2025-06-04 13:00:00,2802.T,7500.0,4225.0,100,4225.0,844.0
2025-06-04 13:00:00,7011.T,1800.0,3398.0,100,3397.0,311371.0
2025-06-04 13:10:00,2413.T,1400.0,1213.0,100,1213.0,54.0
2025-06-04 13:10:00,2802.T,7500.0,4225.0,100,4225.0,850.0
2025-06-04 13:10:00,7011.T,2400.0,3404.0,100,3398.0,330550.0
2025-06-04 13:20:00,2413.T,1400.0,1213.0,100,1213.0,54.0
2025-06-04 13:20:00,2802.T,8000.0,4230.0,100,4230.0,871.0
2025-06-04 13:20:00,7011.T,2200.0,3402.0,100,3399.0,340920.0
2025-06-04 13:30:00,2413.T,1200.0,1211.0,100,1211.0,55.0
2025-06-04 13:30:00,2802.T,8500.0,4235.0,100,4235.0,896.0
2025-06-04 13:30:00,7011.T,1800.0,3398.0,100,3402.0,347604.0
2025-06-04 13:40:00,2413.T,800.0,1207.0,100,1207.0,58.0
2025-06-04 13:40:00,2802.T,8500.0,4235.0,100,4235.0,906.0
2025-06-04 13:40:00,7011.T,2100.0,3401.0,100,3398.0,356193.0
2025-06-04 13:50:00,2413.T,800.0,1207.0,100,1207.0,58.0
2025-06-04 13:50:00,2802.T,8000.0,4230.0,100,4230.0,915.0
2025-06-04 13:50:00,7011.T,2300.0,3403.0,100,3401.0,359536.0
2025-06-04 14:00:00,2413.T,900.0,1208.0,100,1207.0,58.0
2025-06-04 14:00:00,2802.T,9000.0,4240.0,100,4235.0,928.0
2025-06-04 14:00:00,7011.T,3600.0,3416.0,100,3411.0,373213.0
2025-06-04 14:10:00,2413.T,1100.0,1210.0,100,1211.0,60.0
2025-06-04 14:10:00,2802.T,10000.0,4250.0,100,4245.0,1054.0
2025-06-04 14:10:00,7011.T,4200.0,3422.0,100,3417.0,385459.0
2025-06-04 14:20:00,2413.T,1100.0,1210.0,100,1210.0,62.0
2025-06-04 14:20:00,2802.T,9500.0,4245.0,100,4245.0,1119.0
2025-06-04 14:20:00,7011.T,4300.0,3423.0,100,3424.0,400960.0
2025-06-04 14:30:00,2413.T,1100.0,1210.0,100,1210.0,62.0
2025-06-04 14:30:00,2802.T,8500.0,4235.0,100,4235.0,1145.0
2025-06-04 14:30:00,7011.T,4500.0,3425.0,100,3424.0,407623.0
2025-06-04 14:40:00,2413.T,1100.0,1210.0,100,1210.0,62.0
2025-06-04 14:40:00,2802.T,8500.0,4235.0,100,4235.0,1146.0
2025-06-04 14:40:00,7011.T,4500.0,3425.0,100,3428.0,420485.0
2025-06-04 14:50:00,2413.T,900.0,1208.0,100,1210.0,62.0
2025-06-04 14:50:00,2802.T,10000.0,4250.0,100,4240.0,1206.0
2025-06-04 14:50:00,7011.T,5200.0,3432.0,100,3428.0,429315.0
2025-06-04 15:00:00,2413.T,900.0,1208.0,100,1208.0,63.0
2025-06-04 15:00:00,2802.T,8500.0,4235.0,100,4235.0,1320.0
2025-06-04 15:00:00,7011.T,4900.0,3429.0,100,3434.0,438879.0
2025-06-04 15:10:00,2413.T,1100.0,1210.0,100,1210.0,64.0
2025-06-04 15:10:00,2802.T,8000.0,4230.0,100,4235.0,1359.0
2025-06-04 15:10:00,7011.T,4700.0,3427.0,100,3430.0,450412.0
2025-06-04 15:20:00,2413.T,800.0,1207.0,100,1208.0,65.0
2025-06-04 15:20:00,2802.T,6500.0,4215.0,100,4215.0,1427.0
2025-06-04 15:20:00,7011.T,4100.0,3421.0,100,3426.0,459252.0
2025-06-04 15:30:00,2413.T,800.0,1207.0,100,1207.0,89.0
2025-06-04 15:30:00,2802.T,6500.0,4215.0,100,4205.0,1777.0
2025-06-04 15:30:00,7011.T,3600.0,3416.0,100,3419.0,489095.0
2025-06-05 09:05:00,2413.T,400.0,1210.0,100,1206.0,8.0
2025-06-05 09:15:00,2413.T,300.0,1209.0,100,1209.0,12.0
2025-06-05 09:25:00,2413.T,300.0,1209.0,100,1209.0,12.0
2025-06-05 09:35:00,2413.T,300.0,1209.0,100,1209.0,12.0
2025-06-05 09:45:00,2413.T,300.0,1209.0,100,1209.0,12.0
2025-06-05 09:55:00,2413.T,-100.0,1205.0,100,1205.0,17.0
2025-06-05 10:05:00,2413.T,300.0,1209.0,100,1209.0,23.0
2025-06-05 10:15:00,2413.T,300.0,1209.0,100,1209.0,23.0
2025-06-05 10:25:00,2413.T,300.0,1209.0,100,1209.0,23.0
2025-06-05 10:35:00,2413.T,300.0,1209.0,100,1209.0,23.0
2025-06-05 10:45:00,2413.T,600.0,1212.0,100,1209.0,25.0
2025-06-05 10:55:00,2413.T,900.0,1215.0,100,1212.0,29.0
2025-06-05 11:05:00,2413.T,500.0,1211.0,100,1211.0,31.0
2025-06-05 11:15:00,2413.T,300.0,1209.0,100,1209.0,32.0
2025-06-05 11:25:00,2413.T,900.0,1215.0,100,1209.0,32.0
2025-06-05 12:30:00,2413.T,1000.0,1216.0,100,1212.0,41.0
2025-06-05 12:40:00,2413.T,1100.0,1217.0,100,1217.0,53.0
2025-06-05 12:50:00,2413.T,1100.0,1217.0,100,1217.0,55.0
2025-06-05 13:00:00,2413.T,900.0,1215.0,100,1217.0,55.0
2025-06-05 13:10:00,2413.T,500.0,1211.0,100,1211.0,60.0
2025-06-05 13:20:00,2413.T,500.0,1211.0,100,1211.0,60.0
2025-06-05 13:30:00,2413.T,600.0,1212.0,100,1213.0,65.0
2025-06-05 13:40:00,2413.T,700.0,1213.0,100,1213.0,66.0
2025-06-05 13:50:00,2413.T,800.0,1214.0,100,1213.0,66.0
2025-06-05 14:00:00,2413.T,700.0,1213.0,100,1214.0,67.0
2025-06-05 14:10:00,2413.T,900.0,1215.0,100,1214.0,69.0
2025-06-05 14:20:00,2413.T,900.0,1215.0,100,1215.0,76.0
2025-06-05 14:30:00,2413.T,900.0,1215.0,100,1215.0,76.0
2025-06-05 14:40:00,2413.T,900.0,1215.0,100,1215.0,79.0
2025-06-05 14:50:00,2413.T,800.0,1214.0,100,1214.0,82.0
2025-06-05 15:00:00,2413.T,600.0,1212.0,100,1214.0,84.0
2025-06-05 15:10:00,2413.T,900.0,1215.0,100,1215.0,86.0
2025-06-05 15:20:00,2413.T,1000.0,1216.0,100,1215.0,86.0
2025-06-05 15:30:00,2413.T,1100.0,1217.0,100,1216.0,117.0
2025-06-06 09:05:00,2413.T,500.0,1223.0,100,1223.0,8.0
2025-06-06 09:15:00,2413.T,800.0,1226.0,100,1225.0,12.0
2025-06-06 09:25:00,2413.T,900.0,1227.0,100,1226.0,14.0
2025-06-06 09:35:00,2413.T,900.0,1227.0,100,1227.0,17.0
2025-06-06 09:45:00,2413.T,900.0,1227.0,100,1227.0,21.0
2025-06-06 09:55:00,2413.T,900.0,1227.0,100,1227.0,21.0
2025-06-06 10:05:00,2413.T,900.0,1227.0,100,1227.0,21.0
2025-06-06 10:15:00,2413.T,500.0,1223.0,100,1227.0,21.0
2025-06-06 10:25:00,2413.T,500.0,1223.0,100,1223.0,22.0
2025-06-06 10:35:00,2413.T,500.0,1223.0,100,1223.0,22.0
2025-06-06 10:45:00,2413.T,500.0,1223.0,100,1223.0,22.0
2025-06-06 10:55:00,2413.T,1000.0,1228.0,100,1223.0,22.0
2025-06-06 11:05:00,2413.T,600.0,1224.0,100,1228.0,27.0
2025-06-06 11:15:00,2413.T,700.0,1225.0,100,1224.0,27.0
2025-06-06 11:25:00,2413.T,700.0,1225.0,100,1225.0,29.0
2025-06-06 12:30:00,2413.T,700.0,1225.0,100,1224.0,36.0
2025-06-06 12:40:00,2413.T,200.0,1220.0,100,1221.0,40.0
2025-06-06 12:50:00,2413.T,200.0,1220.0,100,1220.0,41.0
2025-06-06 13:00:00,2413.T,200.0,1220.0,100,1220.0,43.0
2025-06-06 13:10:00,2413.T,-100.0,1217.0,100,1217.0,45.0
2025-06-06 13:20:00,2413.T,0.0,1218.0,100,1218.0,49.0
2025-06-06 13:30:00,2413.T,0.0,1218.0,100,1218.0,49.0
2025-06-06 13:40:00,2413.T,-100.0,1217.0,100,1218.0,54.0
2025-06-06 13:50:00,2413.T,-100.0,1217.0,100,1217.0,55.0
2025-06-06 14:00:00,2413.T,-100.0,1217.0,100,1217.0,55.0
2025-06-06 14:10:00,2413.T,400.0,1222.0,100,1219.0,59.0
2025-06-06 14:20:00,2413.T,200.0,1220.0,100,1220.0,62.0
2025-06-06 14:30:00,2413.T,200.0,1220.0,100,1220.0,62.0
2025-06-06 14:40:00,2413.T,200.0,1220.0,100,1220.0,62.0
2025-06-06 14:50:00,2413.T,100.0,1219.0,100,1219.0,64.0
2025-06-06 15:00:00,2413.T,200.0,1220.0,100,1219.0,64.0
2025-06-06 15:10:00,2413.T,200.0,1220.0,100,1220.0,68.0
2025-06-06 15:20:00,2413.T,700.0,1225.0,100,1221.0,75.0
2025-06-06 15:30:00,2413.T,500.0,1223.0,100,1225.0,91.0
2025-06-09 09:05:00,2802.T,-2000.0,4360.0,100,4375.0,244.0
2025-06-09 09:15:00,2802.T,-3500.0,4345.0,100,4355.0,357.0
2025-06-09 09:25:00,2802.T,-3500.0,4345.0,100,4345.0,370.0
2025-06-09 09:35:00,2802.T,-2000.0,4360.0,100,4345.0,396.0
2025-06-09 09:45:00,2802.T,500.0,4385.0,100,4385.0,448.0
2025-06-09 09:55:00,2802.T,500.0,4385.0,100,4385.0,462.0
2025-06-09 10:05:00,2802.T,0.0,4380.0,100,4375.0,478.0
2025-06-09 10:15:00,2802.T,-2000.0,4360.0,100,4375.0,499.0
2025-06-09 10:25:00,2802.T,-1500.0,4365.0,100,4360.0,526.0
2025-06-09 10:35:00,2802.T,-1000.0,4370.0,100,4370.0,548.0
2025-06-09 10:45:00,2802.T,-1500.0,4365.0,100,4365.0,552.0
2025-06-09 10:55:00,2802.T,-1500.0,4365.0,100,4365.0,554.0
2025-06-09 11:05:00,2802.T,-2000.0,4360.0,100,4360.0,580.0
2025-06-09 11:15:00,2802.T,-2000.0,4360.0,100,4360.0,584.0
2025-06-09 11:25:00,2802.T,-3500.0,4345.0,100,4345.0,641.0
2025-06-09 12:30:00,2802.T,0.0,4380.0,100,4345.0,673.0
2025-06-09 12:40:00,2802.T,-2000.0,4360.0,100,4375.0,710.0
2025-06-09 12:50:00,2802.T,-3000.0,4350.0,100,4355.0,730.0
2025-06-09 13:00:00,2802.T,-3500.0,4345.0,100,4345.0,757.0
2025-06-09 13:10:00,2802.T,-4000.0,4340.0,100,4345.0,764.0
2025-06-09 13:20:00,2802.T,-4000.0,4340.0,100,4340.0,825.0
2025-06-09 13:30:00,2802.T,-4000.0,4340.0,100,4345.0,870.0
2025-06-09 13:40:00,2802.T,-1000.0,4370.0,100,4365.0,904.0
2025-06-09 13:50:00,2802.T,-1000.0,4370.0,100,4375.0,907.0
2025-06-09 14:00:00,2802.T,-1500.0,4365.0,100,4365.0,924.0
2025-06-09 14:10:00,2802.T,-1000.0,4370.0,100,4360.0,928.0
2025-06-09 14:20:00,2802.T,500.0,4385.0,100,4375.0,969.0
2025-06-09 14:30:00,2802.T,0.0,4380.0,100,4375.0,989.0
2025-06-09 14:40:00,2802.T,500.0,4385.0,100,4380.0,1002.0
2025-06-09 14:50:00,2802.T,1000.0,4390.0,100,4390.0,1033.0
2025-06-09 15:00:00,2802.T,1000.0,4390.0,100,4390.0,1053.0
2025-06-09 15:10:00,2802.T,1000.0,4390.0,100,4390.0,1075.0
2025-06-09 15:20:00,2802.T,2500.0,4405.0,100,4395.0,1104.0
2025-06-09 15:30:00,2802.T,3000.0,4410.0,100,4405.0,1452.0
